ElapsedTime_s,Height_km,Latitude_deg,LongitudeW_deg,TotalRadius_km,LatitudeRadius_km,Gravity_ms2,Temperature_K,Pressure_Pa,Density_kgm3,PressureScaleHeight_km,DensityScaleHeight_km,SpeedOfSound_ms,PressureAtSurface_Pa,SigmaLevel,PressureAltitude_km,ReferenceTemperature_K,ReferencePressure_Pa,ReferenceDensity_kgm3,ProfileWeight,LowDensity_kgm3,HighDensity_kgm3,PerturbedDensity_kgm3,DensityPerturbation_pct,DensityStandardDeviation_pct,PerturbedSpeedOfSound_ms,RelativeStepSize,DensityDeviation_pct,LowDensityDeviation_pct,HighDensityDeviation_pct,PerturbedDensityDeviation_pct,EWWind_ms,NSWind_ms,EWWindPerturbation_ms,NSWindPerturbation_ms,PerturbedEWWind_ms,PerturbedNSWind_ms,EWStandardDeviation_ms,NSStandardDeviation_ms,LongitudeOfTheSun,SubsolarLatitude_deg,SubsolarLongitudeW_deg,LocalSolarTime_hr,SolarZenithAngle_deg,OneWayLightTime_min,OrbitalRadius_AU,SecondsPerSol,TotalNumberDensity_m3,SpecificGasConstant_JkgK,SpecificHeatRatio,AverageMolecularWeight,CompressibilityFactor,CO2nd_m3,CO2mass_pct,CO2mole_pct,CO2amw,COnd_m3,COmass_pct,COmole_pct,COamw,N2nd_m3,N2mass_pct,N2mole_pct,N2amw,Hend_m3,Hemass_pct,Hemole_pct,Heamw,Hnd_m3,Hmass_pct,Hmole_pct,Hamw,Nnd_m3,Nmass_pct,Nmole_pct,Namw,Ond_m3,Omass_pct,Omole_pct,Oamw,HeightAboveSurface_km,SurfaceHeight_km
0.0,0.000,22.00,48.00,6051.800,6051.800,8.870,735.3,9.209e+06,6.479e+01,15.819,19.555,419.0,9.209e+06,1.000,-0.000,735.3,9.209e+06,6.479e+01,0.0,6.352e+01,6.609e+01,6.530e+01,0.8,1.98,417.4,0.00,0.0,-2.0,2.0,0.8,-1.0,-0.1,-0.8,-0.1,-1.8,-0.1,1.0,0.5,262.53,-2.62,56.59,11.43,26.01,5.86,0.72,10087200.0,8.9819e+26,1.914e+02,1.235e+00,43.440,1.0100,8.6675e+26,97.74,96.50,44.00,0.0000e+00,0.00,0.00,28.00,3.1437e+25,2.26,3.50,28.00,0.0000e+00,0.00,0.00,4.00,0.0000e+00,0.00,0.00,1.01,0.0000e+00,0.00,0.00,14.00,0.0000e+00,0.00,0.00,16.00,0.451,-0.451
0.0,1.000,22.00,48.00,6052.800,6051.800,8.867,727.7,8.645e+06,6.156e+01,15.819,19.555,416.5,9.209e+06,0.939,1.000,727.7,8.645e+06,6.156e+01,0.0,6.035e+01,6.279e+01,6.234e+01,1.3,1.98,413.8,6.30,0.0,-2.0,2.0,1.3,-2.2,-0.2,-0.9,-0.3,-3.1,-0.4,1.2,0.6,262.53,-2.62,56.59,11.43,26.01,5.86,0.72,10087200.0,8.5341e+26,1.914e+02,1.235e+00,43.440,1.0083,8.2354e+26,97.74,96.50,44.00,0.0000e+00,0.00,0.00,28.00,2.9869e+25,2.26,3.50,28.00,0.0000e+00,0.00,0.00,4.00,0.0000e+00,0.00,0.00,1.01,0.0000e+00,0.00,0.00,14.00,0.0000e+00,0.00,0.00,16.00,1.451,-0.451
0.0,2.000,22.00,48.00,6053.800,6051.800,8.864,720.2,8.109e+06,5.845e+01,15.628,19.290,413.9,9.209e+06,0.881,1.988,720.2,8.109e+06,5.845e+01,0.0,5.730e+01,5.962e+01,5.905e+01,1.0,1.98,411.8,6.37,-0.0,-2.0,2.0,1.0,-3.5,-0.2,-1.6,-0.5,-5.1,-0.7,1.5,0.7,262.53,-2.62,56.59,11.43,26.01,5.86,0.72,10087200.0,8.1030e+26,1.914e+02,1.235e+00,43.440,1.0065,7.8193e+26,97.74,96.50,44.00,0.0000e+00,0.00,0.00,28.00,2.8360e+25,2.26,3.50,28.00,0.0000e+00,0.00,0.00,4.00,0.0000e+00,0.00,0.00,1.01,0.0000e+00,0.00,0.00,14.00,0.0000e+00,0.00,0.00,16.00,2.451,-0.451
0.0,3.000,22.00,48.00,6054.800,6051.800,8.861,712.4,7.601e+06,5.547e+01,15.454,19.110,411.3,9.209e+06,0.825,2.966,712.4,7.601e+06,5.547e+01,0.0,5.438e+01,5.658e+01,5.587e+01,0.7,1.98,409.8,6.44,-0.0,-2.0,2.0,0.7,-4.7,-0.3,-1.6,-0.5,-6.3,-0.9,1.7,0.8,262.53,-2.62,56.59,11.43,26.01,5.86,0.72,10087200.0,7.6898e+26,1.914e+02,1.234e+00,43.440,1.0050,7.4207e+26,97.74,96.50,44.00,0.0000e+00,0.00,0.00,28.00,2.6914e+25,2.26,3.50,28.00,0.0000e+00,0.00,0.00,4.00,0.0000e+00,0.00,0.00,1.01,0.0000e+00,0.00,0.00,14.00,0.0000e+00,0.00,0.00,16.00,3.451,-0.451
0.0,4.000,22.00,48.00,6055.800,6051.800,8.858,704.6,7.120e+06,5.262e+01,15.303,18.959,408.6,9.209e+06,0.773,3.937,704.6,7.120e+06,5.262e+01,0.0,5.159e+01,5.367e+01,5.316e+01,1.0,1.98,406.6,6.51,0.0,-2.0,2.0,1.0,-5.9,-0.4,-1.6,-0.4,-7.5,-0.8,1.9,1.0,262.53,-2.62,56.59,11.43,26.01,5.86,0.72,10087200.0,7.2947e+26,1.914e+02,1.234e+00,43.440,1.0034,7.0394e+26,97.74,96.50,44.00,0.0000e+00,0.00,0.00,28.00,2.5532e+25,2.26,3.50,28.00,0.0000e+00,0.00,0.00,4.00,0.0000e+00,0.00,0.00,1.01,0.0000e+00,0.00,0.00,14.00,0.0000e+00,0.00,0.00,16.00,4.451,-0.451
0.0,5.000,22.00,48.00,6056.800,6051.800,8.855,696.8,6.666e+06,4.987e+01,15.150,18.630,406.1,9.209e+06,0.724,4.898,696.8,6.666e+06,4.987e+01,0.0,4.889e+01,5.087e+01,5.082e+01,1.9,1.98,402.3,6.58,-0.0,-2.0,2.0,1.9,-7.2,-0.5,-1.7,-0.4,-8.9,-0.9,2.2,1.1,262.53,-2.62,56.59,11.43,26.01,5.86,0.72,10087200.0,6.9135e+26,1.914e+02,1.234e+00,43.440,1.0022,6.6715e+26,97.74,96.50,44.00,0.0000e+00,0.00,0.00,28.00,2.4197e+25,2.26,3.50,28.00,0.0000e+00,0.00,0.00,4.00,0.0000e+00,0.00,0.00,1.01,0.0000e+00,0.00,0.00,14.00,0.0000e+00,0.00,0.00,16.00,5.451,-0.451
0.0,6.000,22.00,48.00,6057.800,6051.800,8.853,688.8,6.234e+06,4.724e+01,14.942,18.457,403.5,9.209e+06,0.677,5.830,688.8,6.234e+06,4.724e+01,0.0,4.631e+01,4.818e+01,4.813e+01,1.9,1.98,399.8,6.66,0.0,-2.0,2.0,1.9,-8.4,-0.6,-1.8,-0.7,-10.2,-1.2,2.4,1.2,262.53,-2.62,56.59,11.43,26.01,5.86,0.72,10087200.0,6.5489e+26,1.914e+02,1.234e+00,43.440,1.0010,6.3197e+26,97.74,96.50,44.00,0.0000e+00,0.00,0.00,28.00,2.2921e+25,2.26,3.50,28.00,0.0000e+00,0.00,0.00,4.00,0.0000e+00,0.00,0.00,1.01,0.0000e+00,0.00,0.00,14.00,0.0000e+00,0.00,0.00,16.00,6.451,-0.451
0.0,7.000,22.00,48.00,6058.800,6051.800,8.850,681.1,5.829e+06,4.471e+01,14.862,18.167,401.1,9.209e+06,0.633,6.799,681.1,5.829e+06,4.471e+01,0.0,4.383e+01,4.560e+01,4.538e+01,1.5,1.98,398.1,6.73,-0.0,-2.0,2.0,1.5,-9.6,-0.6,-2.1,-0.9,-11.8,-1.6,2.6,1.3,262.53,-2.62,56.59,11.43,26.01,5.86,0.72,10087200.0,6.1982e+26,1.914e+02,1.234e+00,43.440,1.0000,5.9812e+26,97.74,96.50,44.00,0.0000e+00,0.00,0.00,28.00,2.1694e+25,2.26,3.50,28.00,0.0000e+00,0.00,0.00,4.00,0.0000e+00,0.00,0.00,1.01,0.0000e+00,0.00,0.00,14.00,0.0000e+00,0.00,0.00,16.00,7.451,-0.451
0.0,8.000,22.00,48.00,6059.800,6051.800,8.847,673.6,5.443e+06,4.226e+01,14.614,17.744,398.6,9.209e+06,0.591,7.685,673.6,5.443e+06,4.226e+01,0.0,4.143e+01,4.311e+01,4.317e+01,2.2,1.98,394.4,6.81,-0.0,-2.0,2.0,2.2,-10.9,-0.7,-2.8,-0.4,-13.6,-1.1,2.9,1.4,262.53,-2.62,56.59,11.43,26.01,5.86,0.72,10087200.0,5.8585e+26,1.914e+02,1.234e+00,43.440,0.9990,5.6535e+26,97.74,96.50,44.00,0.0000e+00,0.00,0.00,28.00,2.0505e+25,2.26,3.50,28.00,0.0000e+00,0.00,0.00,4.00,0.0000e+00,0.00,0.00,1.01,0.0000e+00,0.00,0.00,14.00,0.0000e+00,0.00,0.00,16.00,8.451,-0.451
0.0,9.000,22.00,48.00,6060.800,6051.800,8.844,665.8,5.081e+06,3.995e+01,14.543,17.790,396.1,9.209e+06,0.552,8.648,665.8,5.081e+06,3.995e+01,0.0,3.917e+01,4.075e+01,4.068e+01,1.8,1.98,392.6,6.89,0.0,-2.0,2.0,1.8,-12.1,-0.8,-4.0,-0.3,-16.1,-1.1,3.1,1.6,262.53,-2.62,56.59,11.43,26.01,5.86,0.72,10087200.0,5.5383e+26,1.914e+02,1.234e+00,43.440,0.9981,5.3444e+26,97.74,96.50,44.00,0.0000e+00,0.00,0.00,28.00,1.9384e+25,2.26,3.50,28.00,0.0000e+00,0.00,0.00,4.00,0.0000e+00,0.00,0.00,1.01,0.0000e+00,0.00,0.00,14.00,0.0000e+00,0.00,0.00,16.00,9.451,-0.451
0.0,10.000,22.00,48.00,6061.800,6051.800,8.841,658.2,4.739e+06,3.772e+01,14.343,17.410,393.7,9.209e+06,0.515,9.529,658.2,4.739e+06,3.772e+01,0.0,3.698e+01,3.847e+01,3.811e+01,1.0,1.98,391.7,6.97,-0.0,-2.0,2.0,1.0,-13.3,-0.9,-3.4,0.1,-16.7,-0.8,3.3,1.7,262.53,-2.62,56.59,11.43,26.01,5.86,0.72,10087200.0,5.2291e+26,1.914e+02,1.234e+00,43.440,0.9973,5.0461e+26,97.74,96.50,44.00,0.0000e+00,0.00,0.00,28.00,1.8302e+25,2.26,3.50,28.00,0.0000e+00,0.00,0.00,4.00,0.0000e+00,0.00,0.00,1.01,0.0000e+00,0.00,0.00,14.00,0.0000e+00,0.00,0.00,16.00,10.451,-0.451
0.0,11.000,22.00,48.00,6062.800,6051.800,8.838,650.6,4.416e+06,3.558e+01,14.140,17.121,391.3,9.209e+06,0.479,10.394,650.6,4.416e+06,3.558e+01,0.0,3.488e+01,3.629e+01,3.558e+01,-0.0,1.98,391.3,7.06,0.0,-2.0,2.0,-0.0,-14.6,-0.9,-3.0,-0.2,-17.6,-1.1,3.6,1.8,262.53,-2.62,56.59,11.43,26.01,5.86,0.72,10087200.0,4.9325e+26,1.914e+02,1.234e+00,43.440,0.9966,4.7598e+26,97.74,96.50,44.00,0.0000e+00,0.00,0.00,28.00,1.7264e+25,2.26,3.50,28.00,0.0000e+00,0.00,0.00,4.00,0.0000e+00,0.00,0.00,1.01,0.0000e+00,0.00,0.00,14.00,0.0000e+00,0.00,0.00,16.00,11.451,-0.451
0.0,12.000,22.00,48.00,6063.800,6051.800,8.835,643.2,4.112e+06,3.354e+01,14.028,16.936,388.9,9.209e+06,0.446,11.312,643.2,4.112e+06,3.354e+01,0.0,3.288e+01,3.421e+01,3.369e+01,0.4,1.98,388.1,7.14,-0.0,-2.0,2.0,0.4,-15.8,-1.0,-3.4,-0.0,-19.2,-1.0,3.8,1.9,262.53,-2.62,56.59,11.43,26.01,5.86,0.72,10087200.0,4.6497e+26,1.914e+02,1.234e+00,43.440,0.9958,4.4869e+26,97.74,96.50,44.00,0.0000e+00,0.00,0.00,28.00,1.6274e+25,2.26,3.50,28.00,0.0000e+00,0.00,0.00,4.00,0.0000e+00,0.00,0.00,1.01,0.0000e+00,0.00,0.00,14.00,0.0000e+00,0.00,0.00,16.00,12.451,-0.451
0.0,13.000,22.00,48.00,6064.800,6051.800,8.832,635.5,3.826e+06,3.160e+01,13.884,16.784,386.5,9.209e+06,0.415,12.196,635.5,3.826e+06,3.160e+01,0.0,3.098e+01,3.223e+01,3.167e+01,0.2,1.98,386.1,7.23,0.0,-2.0,2.0,0.2,-17.0,-1.0,-3.7,0.3,-20.7,-0.7,4.0,2.0,262.53,-2.62,56.59,11.43,26.01,5.86,0.72,10087200.0,4.3807e+26,1.914e+02,1.234e+00,43.440,0.9954,4.2274e+26,97.74,96.50,44.00,0.0000e+00,0.00,0.00,28.00,1.5333e+25,2.26,3.50,28.00,0.0000e+00,0.00,0.00,4.00,0.0000e+00,0.00,0.00,1.01,0.0000e+00,0.00,0.00,14.00,0.0000e+00,0.00,0.00,16.00,13.451,-0.451
0.0,14.000,22.00,48.00,6065.800,6051.800,8.829,628.1,3.557e+06,2.974e+01,13.721,16.484,384.2,9.209e+06,0.386,13.053,628.1,3.557e+06,2.974e+01,0.0,2.916e+01,3.033e+01,2.990e+01,0.5,1.98,383.2,7.32,0.0,-2.0,2.0,0.5,-18.3,-1.1,-3.8,0.4,-22.1,-0.7,4.3,2.1,262.53,-2.62,56.59,11.43,26.01,5.86,0.72,10087200.0,4.1229e+26,1.914e+02,1.234e+00,43.440,0.9949,3.9786e+26,97.74,96.50,44.00,0.0000e+00,0.00,0.00,28.00,1.4430e+25,2.26,3.50,28.00,0.0000e+00,0.00,0.00,4.00,0.0000e+00,0.00,0.00,1.01,0.0000e+00,0.00,0.00,14.00,0.0000e+00,0.00,0.00,16.00,14.451,-0.451
0.0,15.000,22.00,48.00,6066.800,6051.800,8.826,620.8,3.303e+06,2.795e+01,13.520,16.109,381.9,9.209e+06,0.359,13.861,620.8,3.303e+06,2.795e+01,0.0,2.740e+01,2.851e+01,2.842e+01,1.7,1.98,378.8,7.41,0.0,-2.0,2.0,1.7,-19.5,-1.1,-3.7,1.1,-23.2,-0.0,4.5,2.2,262.53,-2.62,56.59,11.43,26.01,5.86,0.72,10087200.0,3.8747e+26,1.914e+02,1.234e+00,43.440,0.9947,3.7391e+26,97.74,96.50,44.00,0.0000e+00,0.00,0.00,28.00,1.3562e+25,2.26,3.50,28.00,0.0000e+00,0.00,0.00,4.00,0.0000e+00,0.00,0.00,1.01,0.0000e+00,0.00,0.00,14.00,0.0000e+00,0.00,0.00,16.00,15.451,-0.451
0.0,16.000,22.00,48.00,6067.800,6051.800,8.823,613.3,3.066e+06,2.627e+01,13.433,16.132,379.6,9.209e+06,0.333,14.772,613.3,3.066e+06,2.627e+01,0.0,2.575e+01,2.680e+01,2.661e+01,1.3,1.98,377.2,7.50,-0.0,-2.0,2.0,1.3,-20.7,-1.2,-2.2,1.2,-22.9,-0.0,4.7,2.4,262.53,-2.62,56.59,11.43,26.01,5.86,0.72,10087200.0,3.6418e+26,1.914e+02,1.234e+00,43.440,0.9944,3.5144e+26,97.74,96.50,44.00,0.0000e+00,0.00,0.00,28.00,1.2746e+25,2.26,3.50,28.00,0.0000e+00,0.00,0.00,4.00,0.0000e+00,0.00,0.00,1.01,0.0000e+00,0.00,0.00,14.00,0.0000e+00,0.00,0.00,16.00,16.451,-0.451
0.0,17.000,22.00,48.00,6068.800,6051.800,8.820,605.2,2.842e+06,2.468e+01,13.170,16.017,377.1,9.209e+06,0.309,15.483,605.2,2.842e+06,2.468e+01,0.0,2.420e+01,2.517e+01,2.501e+01,1.3,1.98,374.6,7.60,-0.0,-2.0,2.0,1.3,-22.0,-1.2,-2.6,0.4,-24.6,-0.8,5.0,2.5,262.53,-2.62,56.59,11.43,26.01,5.86,0.72,10087200.0,3.4214e+26,1.914e+02,1.235e+00,43.440,0.9942,3.3017e+26,97.74,96.50,44.00,0.0000e+00,0.00,0.00,28.00,1.1975e+25,2.26,3.50,28.00,0.0000e+00,0.00,0.00,4.00,0.0000e+00,0.00,0.00,1.01,0.0000e+00,0.00,0.00,14.00,0.0000e+00,0.00,0.00,16.00,17.451,-0.451
0.0,18.000,22.00,48.00,6069.800,6051.800,8.818,597.1,2.633e+06,2.318e+01,13.075,15.948,374.6,9.209e+06,0.286,16.372,597.1,2.633e+06,2.318e+01,0.0,2.273e+01,2.364e+01,2.349e+01,1.3,1.98,372.1,7.70,0.0,-2.0,2.0,1.3,-23.2,-1.2,-1.4,-0.0,-24.6,-1.3,5.2,2.6,262.53,-2.62,56.59,11.43,26.01,5.86,0.72,10087200.0,3.2135e+26,1.914e+02,1.235e+00,43.440,0.9939,3.1010e+26,97.74,96.50,44.00,0.0000e+00,0.00,0.00,28.00,1.1247e+25,2.26,3.50,28.00,0.0000e+00,0.00,0.00,4.00,0.0000e+00,0.00,0.00,1.01,0.0000e+00,0.00,0.00,14.00,0.0000e+00,0.00,0.00,16.00,18.451,-0.451
0.0,19.000,22.00,48.00,6070.800,6051.800,8.815,589.3,2.437e+06,2.174e+01,12.905,15.592,372.1,9.209e+06,0.265,17.159,589.3,2.437e+06,2.174e+01,0.0,2.131e+01,2.217e+01,2.189e+01,0.7,1.98,370.9,7.80,-0.0,-2.0,2.0,0.7,-24.4,-1.3,-1.7,-0.2,-26.1,-1.5,5.4,2.7,262.53,-2.62,56.59,11.43,26.01,5.86,0.72,10087200.0,3.0138e+26,1.914e+02,1.236e+00,43.440,0.9937,2.9083e+26,97.74,96.50,44.00,0.0000e+00,0.00,0.00,28.00,1.0548e+25,2.26,3.50,28.00,0.0000e+00,0.00,0.00,4.00,0.0000e+00,0.00,0.00,1.01,0.0000e+00,0.00,0.00,14.00,0.0000e+00,0.00,0.00,16.00,19.451,-0.451
0.0,20.000,22.00,48.00,6071.800,6051.800,8.812,580.7,2.252e+06,2.039e+01,12.656,15.598,369.5,9.209e+06,0.244,17.828,580.7,2.252e+06,2.039e+01,0.0,1.999e+01,2.080e+01,2.046e+01,0.3,1.98,368.9,7.91,0.0,-2.0,2.0,0.3,-25.7,-1.3,-0.3,-0.7,-25.9,-2.0,5.7,2.8,262.53,-2.62,56.59,11.43,26.01,5.86,0.72,10087200.0,2.8267e+26,1.914e+02,1.236e+00,43.440,0.9935,2.7277e+26,97.74,96.50,44.00,0.0000e+00,0.00,0.00,28.00,9.8934e+24,2.26,3.50,28.00,0.0000e+00,0.00,0.00,4.00,0.0000e+00,0.00,0.00,1.01,0.0000e+00,0.00,0.00,14.00,0.0000e+00,0.00,0.00,16.00,20.451,-0.451
0.0,21.000,22.00,48.00,6072.800,6051.800,8.809,572.4,2.080e+06,1.911e+01,12.590,15.424,366.9,9.209e+06,0.226,18.734,572.4,2.080e+06,1.911e+01,0.0,1.874e+01,1.949e+01,1.909e+01,-0.1,1.98,367.0,8.01,0.0,-2.0,2.0,-0.1,-26.9,-1.3,1.7,0.5,-25.2,-0.7,5.9,3.0,262.53,-2.62,56.59,11.43,26.01,5.86,0.72,10087200.0,2.6492e+26,1.914e+02,1.237e+00,43.440,0.9933,2.5565e+26,97.74,96.50,44.00,0.0000e+00,0.00,0.00,28.00,9.2723e+24,2.26,3.50,28.00,0.0000e+00,0.00,0.00,4.00,0.0000e+00,0.00,0.00,1.01,0.0000e+00,0.00,0.00,14.00,0.0000e+00,0.00,0.00,16.00,21.451,-0.451
0.0,22.000,22.00,48.00,6073.800,6051.800,8.806,564.3,1.918e+06,1.788e+01,12.348,15.031,364.3,9.209e+06,0.208,19.375,564.3,1.918e+06,1.788e+01,0.0,1.753e+01,1.824e+01,1.785e+01,-0.1,1.98,364.6,8.12,0.0,-2.0,2.0,-0.1,-28.1,-1.3,1.0,-0.6,-27.2,-1.8,6.1,3.1,262.53,-2.62,56.59,11.43,26.01,5.86,0.72,10087200.0,2.4787e+26,1.914e+02,1.237e+00,43.440,0.9931,2.3920e+26,97.74,96.50,44.00,0.0000e+00,0.00,0.00,28.00,8.6755e+24,2.26,3.50,28.00,0.0000e+00,0.00,0.00,4.00,0.0000e+00,0.00,0.00,1.01,0.0000e+00,0.00,0.00,14.00,0.0000e+00,0.00,0.00,16.00,22.451,-0.451
0.0,23.000,22.00,48.00,6074.800,6051.800,8.803,556.0,1.766e+06,1.671e+01,12.107,14.776,361.7,9.209e+06,0.192,19.997,556.0,1.766e+06,1.671e+01,0.0,1.638e+01,1.704e+01,1.671e+01,-0.0,1.98,361.7,8.24,-0.0,-2.0,2.0,-0.0,-29.4,-1.3,-0.0,-1.9,-29.4,-3.2,6.4,3.2,262.53,-2.62,56.59,11.43,26.01,5.86,0.72,10087200.0,2.3165e+26,1.914e+02,1.238e+00,43.440,0.9930,2.2354e+26,97.74,96.50,44.00,0.0000e+00,0.00,0.00,28.00,8.1078e+24,2.26,3.50,28.00,0.0000e+00,0.00,0.00,4.00,0.0000e+00,0.00,0.00,1.01,0.0000e+00,0.00,0.00,14.00,0.0000e+00,0.00,0.00,16.00,23.451,-0.451
0.0,24.000,22.00,48.00,6075.800,6051.800,8.800,547.5,1.625e+06,1.562e+01,12.054,14.825,359.0,9.209e+06,0.176,20.908,547.5,1.625e+06,1.562e+01,0.0,1.531e+01,1.593e+01,1.537e+01,-1.6,1.98,361.9,8.36,0.0,-2.0,2.0,-1.6,-30.6,-1.3,0.7,-1.6,-29.9,-2.8,6.6,3.3,262.53,-2.62,56.59,11.43,26.01,5.86,0.72,10087200.0,2.1654e+26,1.914e+02,1.239e+00,43.440,0.9929,2.0896e+26,97.74,96.50,44.00,0.0000e+00,0.00,0.00,28.00,7.5789e+24,2.26,3.50,28.00,0.0000e+00,0.00,0.00,4.00,0.0000e+00,0.00,0.00,1.01,0.0000e+00,0.00,0.00,14.00,0.0000e+00,0.00,0.00,16.00,24.451,-0.451
0.0,25.000,22.00,48.00,6076.800,6051.800,8.797,539.2,1.493e+06,1.457e+01,11.784,14.370,356.4,9.209e+06,0.162,21.440,539.2,1.493e+06,1.457e+01,0.0,1.428e+01,1.486e+01,1.438e+01,-1.3,1.98,358.8,8.48,-0.0,-2.0,2.0,-1.3,-31.8,-1.2,3.5,-0.7,-28.3,-1.9,6.8,3.4,262.53,-2.62,56.59,11.43,26.01,5.86,0.72,10087200.0,2.0198e+26,1.914e+02,1.240e+00,43.440,0.9929,1.9492e+26,97.74,96.50,44.00,0.0000e+00,0.00,0.00,28.00,7.0695e+24,2.26,3.50,28.00,0.0000e+00,0.00,0.00,4.00,0.0000e+00,0.00,0.00,1.01,0.0000e+00,0.00,0.00,14.00,0.0000e+00,0.00,0.00,16.00,25.451,-0.451
0.0,26.000,22.00,48.00,6077.800,6051.800,8.794,530.7,1.370e+06,1.359e+01,11.679,14.362,353.7,9.209e+06,0.149,22.250,530.7,1.370e+06,1.359e+01,0.0,1.332e+01,1.386e+01,1.341e+01,-1.4,1.98,356.1,8.60,0.0,-2.0,2.0,-1.4,-33.1,-1.2,1.8,1.1,-31.2,-0.1,7.1,3.5,262.53,-2.62,56.59,11.43,26.01,5.86,0.72,10087200.0,1.8840e+26,1.914e+02,1.241e+00,43.440,0.9928,1.8180e+26,97.74,96.50,44.00,0.0000e+00,0.00,0.00,28.00,6.5940e+24,2.26,3.50,28.00,0.0000e+00,0.00,0.00,4.00,0.0000e+00,0.00,0.00,1.01,0.0000e+00,0.00,0.00,14.00,0.0000e+00,0.00,0.00,16.00,26.451,-0.451
0.0,27.000,22.00,48.00,6078.800,6051.800,8.791,522.3,1.255e+06,1.265e+01,11.411,13.951,351.0,9.209e+06,0.136,22.740,522.3,1.255e+06,1.265e+01,0.0,1.240e+01,1.290e+01,1.238e+01,-2.1,1.98,354.8,8.73,0.0,-2.0,2.0,-2.1,-34.3,-1.2,1.5,1.8,-32.8,0.6,7.3,3.6,262.53,-2.62,56.59,11.43,26.01,5.86,0.72,10087200.0,1.7537e+26,1.914e+02,1.241e+00,43.440,0.9928,1.6923e+26,97.74,96.50,44.00,0.0000e+00,0.00,0.00,28.00,6.1379e+24,2.26,3.50,28.00,0.0000e+00,0.00,0.00,4.00,0.0000e+00,0.00,0.00,1.01,0.0000e+00,0.00,0.00,14.00,0.0000e+00,0.00,0.00,16.00,27.451,-0.451
0.0,28.000,22.00,48.00,6079.800,6051.800,8.789,513.8,1.149e+06,1.177e+01,11.298,13.869,348.3,9.209e+06,0.125,23.514,513.8,1.149e+06,1.177e+01,0.0,1.154e+01,1.201e+01,1.156e+01,-1.8,1.98,351.4,8.86,0.0,-2.0,2.0,-1.8,-35.5,-1.1,-0.5,1.3,-36.0,0.2,7.5,3.8,262.53,-2.62,56.59,11.43,26.01,5.86,0.72,10087200.0,1.6317e+26,1.914e+02,1.242e+00,43.440,0.9928,1.5746e+26,97.74,96.50,44.00,0.0000e+00,0.00,0.00,28.00,5.7109e+24,2.26,3.50,28.00,0.0000e+00,0.00,0.00,4.00,0.0000e+00,0.00,0.00,1.01,0.0000e+00,0.00,0.00,14.00,0.0000e+00,0.00,0.00,16.00,28.451,-0.451
0.0,29.000,22.00,48.00,6080.800,6051.800,8.786,505.6,1.050e+06,1.093e+01,11.107,13.506,345.6,9.209e+06,0.114,24.117,505.6,1.050e+06,1.093e+01,0.0,1.072e+01,1.115e+01,1.073e+01,-1.8,1.98,348.8,8.99,0.0,-2.0,2.0,-1.8,-36.8,-1.1,-0.8,2.0,-37.5,0.9,7.8,3.9,262.53,-2.62,56.59,11.43,26.01,5.86,0.72,10087200.0,1.5152e+26,1.914e+02,1.243e+00,43.440,0.9929,1.4622e+26,97.74,96.50,44.00,0.0000e+00,0.00,0.00,28.00,5.3033e+24,2.26,3.50,28.00,0.0000e+00,0.00,0.00,4.00,0.0000e+00,0.00,0.00,1.01,0.0000e+00,0.00,0.00,14.00,0.0000e+00,0.00,0.00,16.00,29.451,-0.451
0.0,30.000,22.00,48.00,6081.800,6051.800,8.783,496.9,9.585e+05,1.015e+01,10.942,13.507,342.7,9.209e+06,0.104,24.757,496.9,9.585e+05,1.015e+01,0.0,9.951e+00,1.035e+01,9.970e+00,-1.8,1.98,345.8,9.13,-0.0,-2.0,2.0,-1.8,-38.0,-1.0,-2.3,2.5,-40.3,1.4,8.0,4.0,262.53,-2.62,56.59,11.43,26.01,5.86,0.72,10087200.0,1.4071e+26,1.914e+02,1.244e+00,43.440,0.9929,1.3579e+26,97.74,96.50,44.00,0.0000e+00,0.00,0.00,28.00,4.9248e+24,2.26,3.50,28.00,0.0000e+00,0.00,0.00,4.00,0.0000e+00,0.00,0.00,1.01,0.0000e+00,0.00,0.00,14.00,0.0000e+00,0.00,0.00,16.00,30.451,-0.451
0.0,31.000,22.00,48.00,6082.800,6051.800,8.780,488.3,8.729e+05,9.406e+00,10.697,13.136,339.9,9.209e+06,0.095,25.204,488.3,8.729e+05,9.406e+00,0.0,9.222e+00,9.594e+00,9.305e+00,-1.1,1.98,341.8,9.28,0.0,-2.0,2.0,-1.1,-39.2,-0.9,-1.4,3.8,-40.6,2.8,8.0,4.0,262.53,-2.62,56.59,11.43,26.01,5.86,0.72,10087200.0,1.3040e+26,1.914e+02,1.245e+00,43.440,0.9930,1.2583e+26,97.74,96.50,44.00,0.0000e+00,0.00,0.00,28.00,4.5639e+24,2.26,3.50,28.00,0.0000e+00,0.00,0.00,4.00,0.0000e+00,0.00,0.00,1.01,0.0000e+00,0.00,0.00,14.00,0.0000e+00,0.00,0.00,16.00,31.451,-0.451
0.0,32.000,22.00,48.00,6083.800,6051.800,8.777,479.9,7.940e+05,8.704e+00,10.547,12.892,337.2,9.209e+06,0.086,25.849,479.9,7.940e+05,8.704e+00,0.0,8.533e+00,8.878e+00,8.636e+00,-0.8,1.98,338.5,9.42,-0.0,-2.0,2.0,-0.8,-40.5,-0.9,-3.1,2.5,-43.6,1.6,8.0,4.0,262.53,-2.62,56.59,11.43,26.01,5.86,0.72,10087200.0,1.2066e+26,1.914e+02,1.247e+00,43.440,0.9931,1.1644e+26,97.74,96.50,44.00,0.0000e+00,0.00,0.00,28.00,4.2232e+24,2.26,3.50,28.00,0.0000e+00,0.00,0.00,4.00,0.0000e+00,0.00,0.00,1.01,0.0000e+00,0.00,0.00,14.00,0.0000e+00,0.00,0.00,16.00,32.451,-0.451
0.0,33.000,22.00,48.00,6084.800,6051.800,8.774,471.7,7.210e+05,8.041e+00,10.377,12.622,334.5,9.209e+06,0.078,26.434,471.7,7.210e+05,8.041e+00,0.0,7.883e+00,8.202e+00,8.043e+00,0.0,1.98,334.5,9.58,-0.0,-2.0,2.0,0.0,-41.7,-0.8,-3.4,2.5,-45.1,1.8,8.0,4.0,262.53,-2.62,56.59,11.43,26.01,5.86,0.72,10087200.0,1.1147e+26,1.914e+02,1.248e+00,43.440,0.9932,1.0757e+26,97.74,96.50,44.00,0.0000e+00,0.00,0.00,28.00,3.9015e+24,2.26,3.50,28.00,0.0000e+00,0.00,0.00,4.00,0.0000e+00,0.00,0.00,1.01,0.0000e+00,0.00,0.00,14.00,0.0000e+00,0.00,0.00,16.00,33.451,-0.451
0.0,34.000,22.00,48.00,6085.800,6051.800,8.771,463.4,6.537e+05,7.420e+00,10.201,12.442,331.7,9.209e+06,0.071,26.986,463.4,6.537e+05,7.420e+00,0.0,7.275e+00,7.568e+00,7.457e+00,0.5,1.98,330.9,9.74,0.0,-2.0,2.0,0.5,-42.9,-0.7,-4.1,1.9,-47.0,1.2,8.0,4.0,262.53,-2.62,56.59,11.43,26.01,5.86,0.72,10087200.0,1.0286e+26,1.914e+02,1.249e+00,43.440,0.9933,9.9264e+25,97.74,96.50,44.00,0.0000e+00,0.00,0.00,28.00,3.6002e+24,2.26,3.50,28.00,0.0000e+00,0.00,0.00,4.00,0.0000e+00,0.00,0.00,1.01,0.0000e+00,0.00,0.00,14.00,0.0000e+00,0.00,0.00,16.00,34.451,-0.451
0.0,35.000,22.00,48.00,6086.800,6051.800,8.768,455.5,5.917e+05,6.831e+00,10.030,12.091,329.1,9.209e+06,0.064,27.533,455.5,5.917e+05,6.831e+00,0.0,6.697e+00,6.968e+00,6.826e+00,-0.1,1.98,329.2,9.90,-0.0,-2.0,2.0,-0.1,-44.2,-0.6,-2.0,1.8,-46.1,1.2,8.0,4.0,262.53,-2.62,56.59,11.43,26.01,5.86,0.72,10087200.0,9.4698e+25,1.914e+02,1.250e+00,43.440,0.9935,9.1384e+25,97.74,96.50,44.00,0.0000e+00,0.00,0.00,28.00,3.3144e+24,2.26,3.50,28.00,0.0000e+00,0.00,0.00,4.00,0.0000e+00,0.00,0.00,1.01,0.0000e+00,0.00,0.00,14.00,0.0000e+00,0.00,0.00,16.00,35.451,-0.451
0.0,36.000,22.00,48.00,6087.800,6051.800,8.765,448.0,5.346e+05,6.274e+00,9.856,11.757,326.5,9.209e+06,0.058,28.056,448.0,5.346e+05,6.274e+00,0.0,6.151e+00,6.399e+00,6.268e+00,-0.1,1.98,326.7,10.07,0.0,-2.0,2.0,-0.1,-45.4,-0.5,-3.3,3.4,-48.7,2.9,8.0,4.0,262.53,-2.62,56.59,11.43,26.01,5.86,0.72,10087200.0,8.6977e+25,1.914e+02,1.251e+00,43.440,0.9937,8.3933e+25,97.74,96.50,44.00,0.0000e+00,0.00,0.00,28.00,3.0442e+24,2.26,3.50,28.00,0.0000e+00,0.00,0.00,4.00,0.0000e+00,0.00,0.00,1.01,0.0000e+00,0.00,0.00,14.00,0.0000e+00,0.00,0.00,16.00,36.451,-0.451
0.0,37.000,22.00,48.00,6088.800,6051.800,8.763,439.9,4.822e+05,5.762e+00,9.692,11.747,323.8,9.209e+06,0.052,28.589,439.9,4.822e+05,5.762e+00,0.0,5.649e+00,5.877e+00,5.797e+00,0.6,1.98,322.9,10.24,-0.0,-2.0,2.0,0.6,-46.6,-0.4,-2.1,2.8,-48.7,2.4,8.0,4.0,262.53,-2.62,56.59,11.43,26.01,5.86,0.72,10087200.0,7.9879e+25,1.914e+02,1.253e+00,43.440,0.9939,7.7083e+25,97.74,96.50,44.00,0.0000e+00,0.00,0.00,28.00,2.7958e+24,2.26,3.50,28.00,0.0000e+00,0.00,0.00,4.00,0.0000e+00,0.00,0.00,1.01,0.0000e+00,0.00,0.00,14.00,0.0000e+00,0.00,0.00,16.00,37.451,-0.451
0.0,38.000,22.00,48.00,6089.800,6051.800,8.760,432.5,4.342e+05,5.276e+00,9.535,11.349,321.3,9.209e+06,0.047,29.124,432.5,4.342e+05,5.276e+00,0.0,5.173e+00,5.382e+00,5.273e+00,-0.1,1.98,321.4,10.42,0.0,-2.0,2.0,-0.1,-47.9,-0.3,-5.7,4.1,-53.6,3.8,8.0,4.0,262.53,-2.62,56.59,11.43,26.01,5.86,0.72,10087200.0,7.3141e+25,1.914e+02,1.255e+00,43.440,0.9941,7.0581e+25,97.74,96.50,44.00,0.0000e+00,0.00,0.00,28.00,2.5599e+24,2.26,3.50,28.00,0.0000e+00,0.00,0.00,4.00,0.0000e+00,0.00,0.00,1.01,0.0000e+00,0.00,0.00,14.00,0.0000e+00,0.00,0.00,16.00,38.451,-0.451
0.0,39.000,22.00,48.00,6090.800,6051.800,8.757,425.1,3.902e+05,4.823e+00,9.370,11.139,318.8,9.209e+06,0.042,29.620,425.1,3.902e+05,4.823e+00,0.0,4.728e+00,4.919e+00,4.808e+00,-0.3,1.98,319.3,10.61,0.0,-2.0,2.0,-0.3,-49.1,-0.1,-8.0,4.2,-57.1,4.1,8.0,4.0,262.53,-2.62,56.59,11.43,26.01,5.86,0.72,10087200.0,6.6861e+25,1.914e+02,1.256e+00,43.440,0.9944,6.4521e+25,97.74,96.50,44.00,0.0000e+00,0.00,0.00,28.00,2.3402e+24,2.26,3.50,28.00,0.0000e+00,0.00,0.00,4.00,0.0000e+00,0.00,0.00,1.01,0.0000e+00,0.00,0.00,14.00,0.0000e+00,0.00,0.00,16.00,39.451,-0.451
0.0,40.000,22.00,48.00,6091.800,6051.800,8.754,417.6,3.501e+05,4.404e+00,9.218,11.003,316.2,9.209e+06,0.038,30.141,417.6,3.501e+05,4.404e+00,0.0,4.318e+00,4.492e+00,4.410e+00,0.1,1.98,316.0,10.81,-0.0,-2.0,2.0,0.1,-50.3,-0.0,-8.5,4.0,-58.8,4.0,8.0,4.0,262.53,-2.62,56.59,11.43,26.01,5.86,0.72,10087200.0,6.1053e+25,1.914e+02,1.257e+00,43.440,0.9946,5.8916e+25,97.74,96.50,44.00,0.0000e+00,0.00,0.00,28.00,2.1368e+24,2.26,3.50,28.00,0.0000e+00,0.00,0.00,4.00,0.0000e+00,0.00,0.00,1.01,0.0000e+00,0.00,0.00,14.00,0.0000e+00,0.00,0.00,16.00,40.451,-0.451
0.0,41.000,22.00,48.00,6092.800,6051.800,8.751,410.0,3.135e+05,4.015e+00,9.046,10.814,313.5,9.209e+06,0.034,30.580,410.0,3.135e+05,4.015e+00,0.0,3.936e+00,4.095e+00,4.022e+00,0.2,1.98,313.2,11.01,0.0,-2.0,2.0,0.2,-51.6,0.1,-9.6,3.8,-61.1,3.9,8.0,4.0,262.53,-2.62,56.59,11.43,26.01,5.86,0.72,10087200.0,5.5660e+25,1.914e+02,1.259e+00,43.440,0.9949,5.3712e+25,97.74,96.50,44.00,0.0000e+00,0.00,0.00,28.00,1.9481e+24,2.26,3.50,28.00,0.0000e+00,0.00,0.00,4.00,0.0000e+00,0.00,0.00,1.01,0.0000e+00,0.00,0.00,14.00,0.0000e+00,0.00,0.00,16.00,41.451,-0.451
0.0,42.000,22.00,48.00,6093.800,6051.800,8.748,403.5,2.802e+05,3.646e+00,8.914,10.373,311.2,9.209e+06,0.030,31.131,403.5,2.802e+05,3.646e+00,0.0,3.575e+00,3.719e+00,3.684e+00,1.0,1.98,309.6,11.22,-0.0,-2.0,2.0,1.0,-52.8,0.3,-14.8,2.3,-67.6,2.6,8.0,4.0,262.53,-2.62,56.59,11.43,26.01,5.86,0.72,10087200.0,5.0545e+25,1.914e+02,1.260e+00,43.440,0.9951,4.8776e+25,97.74,96.50,44.00,0.0000e+00,0.00,0.00,28.00,1.7691e+24,2.26,3.50,28.00,0.0000e+00,0.00,0.00,4.00,0.0000e+00,0.00,0.00,1.01,0.0000e+00,0.00,0.00,14.00,0.0000e+00,0.00,0.00,16.00,42.451,-0.451
0.0,43.000,22.00,48.00,6094.800,6051.800,8.745,397.1,2.499e+05,3.303e+00,8.735,10.122,308.9,9.209e+06,0.027,31.506,397.1,2.499e+05,3.303e+00,0.0,3.238e+00,3.369e+00,3.340e+00,1.1,1.98,307.2,11.44,0.0,-2.0,2.0,1.1,-54.0,0.4,-18.8,0.9,-72.8,1.3,8.0,4.0,262.53,-2.62,56.59,11.43,26.01,5.86,0.72,10087200.0,4.5790e+25,1.914e+02,1.262e+00,43.440,0.9954,4.4187e+25,97.74,96.50,44.00,0.0000e+00,0.00,0.00,28.00,1.6026e+24,2.26,3.50,28.00,0.0000e+00,0.00,0.00,4.00,0.0000e+00,0.00,0.00,1.01,0.0000e+00,0.00,0.00,14.00,0.0000e+00,0.00,0.00,16.00,43.451,-0.451
0.0,44.000,22.00,48.00,6095.800,6051.800,8.742,391.2,2.225e+05,2.985e+00,8.628,9.878,306.9,9.209e+06,0.024,32.122,391.2,2.225e+05,2.985e+00,0.0,2.926e+00,3.045e+00,3.055e+00,2.4,1.98,303.3,11.66,0.0,-2.0,2.0,2.4,-55.3,0.6,-16.0,1.2,-71.2,1.9,8.0,4.0,262.53,-2.62,56.59,11.43,26.01,5.86,0.72,10087200.0,4.1381e+25,1.914e+02,1.263e+00,43.440,0.9957,3.9933e+25,97.74,96.50,44.00,0.0000e+00,0.00,0.00,28.00,1.4483e+24,2.26,3.50,28.00,0.0000e+00,0.00,0.00,4.00,0.0000e+00,0.00,0.00,1.01,0.0000e+00,0.00,0.00,14.00,0.0000e+00,0.00,0.00,16.00,44.451,-0.451
0.0,45.000,22.00,48.00,6096.800,6051.800,8.740,385.4,1.979e+05,2.693e+00,8.505,9.714,304.8,9.209e+06,0.021,32.662,385.4,1.979e+05,2.693e+00,0.0,2.640e+00,2.747e+00,2.747e+00,2.0,1.98,301.8,11.90,-0.0,-2.0,2.0,2.0,-56.5,0.8,-13.2,0.7,-69.6,1.5,8.0,4.0,262.53,-2.62,56.59,11.43,26.01,5.86,0.72,10087200.0,3.7333e+25,1.914e+02,1.264e+00,43.440,0.9960,3.6027e+25,97.74,96.50,44.00,0.0000e+00,0.00,0.00,28.00,1.3067e+24,2.26,3.50,28.00,0.0000e+00,0.00,0.00,4.00,0.0000e+00,0.00,0.00,1.01,0.0000e+00,0.00,0.00,14.00,0.0000e+00,0.00,0.00,16.00,45.451,-0.451
0.0,46.000,22.00,48.00,6097.800,6051.800,8.737,379.7,1.756e+05,2.426e+00,8.395,9.577,302.7,9.209e+06,0.019,33.242,379.7,1.756e+05,2.426e+00,0.0,2.378e+00,2.475e+00,2.506e+00,3.3,1.98,297.8,12.14,0.0,-2.0,2.0,3.3,-57.7,0.9,-13.2,2.1,-70.9,3.0,8.5,4.2,262.53,-2.62,56.59,11.43,26.01,5.86,0.72,10087200.0,3.3632e+25,1.914e+02,1.266e+00,43.440,0.9962,3.2455e+25,97.74,96.50,44.00,0.0000e+00,0.00,0.00,28.00,1.1771e+24,2.26,3.50,28.00,0.0000e+00,0.00,0.00,4.00,0.0000e+00,0.00,0.00,1.01,0.0000e+00,0.00,0.00,14.00,0.0000e+00,0.00,0.00,16.00,46.451,-0.451
0.0,47.000,22.00,48.00,6098.800,6051.800,8.734,373.1,1.555e+05,2.186e+00,8.230,9.600,300.3,9.209e+06,0.017,33.588,373.1,1.555e+05,2.186e+00,0.0,2.143e+00,2.230e+00,2.241e+00,2.5,1.98,296.6,12.40,-0.0,-2.0,2.0,2.5,-59.0,1.1,-15.9,3.7,-74.8,4.9,8.9,4.5,262.53,-2.62,56.59,11.43,26.01,5.86,0.72,10087200.0,3.0305e+25,1.914e+02,1.268e+00,43.440,0.9964,2.9244e+25,97.74,96.50,44.00,0.0000e+00,0.00,0.00,28.00,1.0607e+24,2.26,3.50,28.00,0.0000e+00,0.00,0.00,4.00,0.0000e+00,0.00,0.00,1.01,0.0000e+00,0.00,0.00,14.00,0.0000e+00,0.00,0.00,16.00,47.451,-0.451
0.0,48.000,22.00,48.00,6099.800,6051.800,8.731,366.4,1.375e+05,1.967e+00,8.098,9.473,297.9,9.209e+06,0.015,34.049,366.4,1.375e+05,1.967e+00,0.0,1.928e+00,2.006e+00,1.997e+00,1.5,1.98,295.6,12.66,0.0,-2.0,2.0,1.5,-60.2,1.3,-9.1,4.8,-69.3,6.1,9.4,4.7,262.53,-2.62,56.59,11.43,26.01,5.86,0.72,10087200.0,2.7269e+25,1.914e+02,1.269e+00,43.440,0.9966,2.6314e+25,97.74,96.50,44.00,0.0000e+00,0.00,0.00,28.00,9.5440e+23,2.26,3.50,28.00,0.0000e+00,0.00,0.00,4.00,0.0000e+00,0.00,0.00,1.01,0.0000e+00,0.00,0.00,14.00,0.0000e+00,0.00,0.00,16.00,48.451,-0.451
0.0,49.000,22.00,48.00,6100.800,6051.800,8.728,358.6,1.213e+05,1.773e+00,7.990,9.631,295.0,9.209e+06,0.013,34.595,358.6,1.213e+05,1.773e+00,0.0,1.738e+00,1.808e+00,1.787e+00,0.8,1.98,293.8,12.94,0.0,-2.0,2.0,0.8,-61.4,1.5,-10.8,9.6,-72.2,11.1,9.9,4.9,262.53,-2.62,56.59,11.43,26.01,5.86,0.72,10087200.0,2.4579e+25,1.914e+02,1.272e+00,43.440,0.9968,2.3719e+25,97.74,96.50,44.00,0.0000e+00,0.00,0.00,28.00,8.6027e+23,2.26,3.50,28.00,0.0000e+00,0.00,0.00,4.00,0.0000e+00,0.00,0.00,1.01,0.0000e+00,0.00,0.00,14.00,0.0000e+00,0.00,0.00,16.00,49.451,-0.451
0.0,50.000,22.00,48.00,6101.800,6051.800,8.725,350.5,1.066e+05,1.594e+00,7.748,9.396,291.9,9.209e+06,0.012,34.545,350.5,1.066e+05,1.594e+00,0.0,1.563e+00,1.626e+00,1.590e+00,-0.3,1.98,292.3,13.23,-0.0,-2.0,2.0,-0.3,-62.7,1.7,-7.2,14.1,-69.8,15.8,10.3,5.2,262.53,-2.62,56.59,11.43,26.01,5.86,0.72,10087200.0,2.2098e+25,1.914e+02,1.274e+00,43.440,0.9970,2.1324e+25,97.74,96.50,44.00,0.0000e+00,0.00,0.00,28.00,7.7342e+23,2.26,3.50,28.00,0.0000e+00,0.00,0.00,4.00,0.0000e+00,0.00,0.00,1.01,0.0000e+00,0.00,0.00,14.00,0.0000e+00,0.00,0.00,16.00,50.451,-0.451
0.0,51.000,22.00,48.00,6102.800,6051.800,8.722,342.0,9.347e+04,1.432e+00,7.597,9.331,288.7,9.209e+06,0.010,34.875,342.0,9.347e+04,1.432e+00,0.0,1.402e+00,1.463e+00,1.434e+00,0.2,2.11,288.5,13.54,-0.0,-2.1,2.1,0.2,-63.9,1.9,-1.8,12.0,-65.7,13.9,10.8,5.4,262.53,-2.62,56.59,11.43,26.01,5.86,0.72,10087200.0,1.9852e+25,1.914e+02,1.277e+00,43.440,0.9971,1.9157e+25,97.74,96.50,44.00,0.0000e+00,0.00,0.00,28.00,6.9482e+23,2.26,3.50,28.00,0.0000e+00,0.00,0.00,4.00,0.0000e+00,0.00,0.00,1.01,0.0000e+00,0.00,0.00,14.00,0.0000e+00,0.00,0.00,16.00,51.451,-0.451
0.0,52.000,22.00,48.00,6103.800,6051.800,8.720,333.3,8.168e+04,1.284e+00,7.421,9.167,285.4,9.209e+06,0.009,35.064,333.3,8.168e+04,1.284e+00,0.0,1.256e+00,1.313e+00,1.278e+00,-0.4,2.24,286.0,13.85,-0.0,-2.2,2.3,-0.4,-65.1,2.1,-1.1,10.8,-66.2,12.9,11.3,5.6,262.53,-2.62,56.59,11.43,26.01,5.86,0.72,10087200.0,1.7800e+25,1.914e+02,1.280e+00,43.440,0.9972,1.7177e+25,97.74,96.50,44.00,0.0000e+00,0.00,0.00,28.00,6.2301e+23,2.26,3.50,28.00,0.0000e+00,0.00,0.00,4.00,0.0000e+00,0.00,0.00,1.01,0.0000e+00,0.00,0.00,14.00,0.0000e+00,0.00,0.00,16.00,52.451,-0.451
0.0,53.000,22.00,48.00,6104.800,6051.800,8.717,323.0,7.109e+04,1.153e+00,7.199,9.293,281.4,9.209e+06,0.008,35.018,323.0,7.109e+04,1.153e+00,0.0,1.126e+00,1.181e+00,1.145e+00,-0.7,2.36,282.3,14.19,0.0,-2.3,2.4,-0.7,-66.3,2.3,1.0,10.6,-65.3,12.9,11.7,5.9,262.53,-2.62,56.59,11.43,26.01,5.86,0.72,10087200.0,1.5984e+25,1.914e+02,1.284e+00,43.440,0.9973,1.5425e+25,97.74,96.50,44.00,0.0000e+00,0.00,0.00,28.00,5.5944e+23,2.26,3.50,28.00,0.0000e+00,0.00,0.00,4.00,0.0000e+00,0.00,0.00,1.01,0.0000e+00,0.00,0.00,14.00,0.0000e+00,0.00,0.00,16.00,53.451,-0.451
0.0,54.000,22.00,48.00,6105.800,6051.800,8.714,312.8,6.163e+04,1.032e+00,7.000,9.020,277.3,9.209e+06,0.007,35.049,312.8,6.163e+04,1.032e+00,0.0,1.007e+00,1.058e+00,1.046e+00,1.4,2.49,275.5,14.54,0.0,-2.5,2.5,1.4,-67.6,2.5,4.4,13.5,-63.2,16.0,12.2,6.1,262.53,-2.62,56.59,11.43,26.01,5.86,0.72,10087200.0,1.4307e+25,1.914e+02,1.288e+00,43.440,0.9974,1.3806e+25,97.74,96.50,44.00,0.0000e+00,0.00,0.00,28.00,5.0073e+23,2.26,3.50,28.00,0.0000e+00,0.00,0.00,4.00,0.0000e+00,0.00,0.00,1.01,0.0000e+00,0.00,0.00,14.00,0.0000e+00,0.00,0.00,16.00,54.451,-0.451
0.0,55.000,22.00,48.00,6106.800,6051.800,8.711,302.3,5.314e+04,9.207e-01,6.749,8.763,273.1,9.209e+06,0.006,34.793,302.3,5.314e+04,9.207e-01,0.0,8.969e-01,9.451e-01,9.135e-01,-0.8,2.62,274.2,14.91,-0.0,-2.6,2.6,-0.8,-68.8,2.7,12.0,11.8,-56.8,14.5,12.7,6.3,262.53,-2.62,56.59,11.43,26.01,5.86,0.72,10087200.0,1.2764e+25,1.914e+02,1.292e+00,43.440,0.9975,1.2317e+25,97.74,96.50,44.00,0.0000e+00,0.00,0.00,28.00,4.4673e+23,2.26,3.50,28.00,0.0000e+00,0.00,0.00,4.00,0.0000e+00,0.00,0.00,1.01,0.0000e+00,0.00,0.00,14.00,0.0000e+00,0.00,0.00,16.00,55.451,-0.451
0.0,56.000,22.00,48.00,6107.800,6051.800,8.708,291.8,4.559e+04,8.183e-01,6.529,8.481,268.8,9.209e+06,0.005,34.659,291.8,4.559e+04,8.183e-01,0.0,7.962e-01,8.410e-01,8.188e-01,0.1,2.74,268.7,15.29,0.0,-2.7,2.8,0.1,-70.0,2.9,12.8,7.4,-57.3,10.3,13.1,6.6,262.53,-2.62,56.59,11.43,26.01,5.86,0.72,10087200.0,1.1344e+25,1.914e+02,1.297e+00,43.440,0.9976,1.0947e+25,97.74,96.50,44.00,0.0000e+00,0.00,0.00,28.00,3.9704e+23,2.26,3.50,28.00,0.0000e+00,0.00,0.00,4.00,0.0000e+00,0.00,0.00,1.01,0.0000e+00,0.00,0.00,14.00,0.0000e+00,0.00,0.00,16.00,56.451,-0.451
0.0,57.000,22.00,48.00,6108.800,6051.800,8.705,282.5,3.891e+04,7.212e-01,6.309,7.917,265.0,9.209e+06,0.004,34.490,282.5,3.891e+04,7.212e-01,0.0,7.008e-01,7.422e-01,7.246e-01,0.5,2.87,264.4,15.70,0.0,-2.8,2.9,0.5,-71.3,3.1,9.7,5.1,-61.6,8.2,13.6,6.8,262.53,-2.62,56.59,11.43,26.01,5.86,0.72,10087200.0,9.9980e+24,1.914e+02,1.301e+00,43.440,0.9978,9.6481e+24,97.74,96.50,44.00,0.0000e+00,0.00,0.00,28.00,3.4993e+23,2.26,3.50,28.00,0.0000e+00,0.00,0.00,4.00,0.0000e+00,0.00,0.00,1.01,0.0000e+00,0.00,0.00,14.00,0.0000e+00,0.00,0.00,16.00,57.451,-0.451
0.0,58.000,22.00,48.00,6109.800,6051.800,8.702,275.2,3.306e+04,6.289e-01,6.134,7.302,261.9,9.209e+06,0.004,34.533,275.2,3.306e+04,6.289e-01,0.0,6.103e-01,6.480e-01,6.242e-01,-0.8,3.00,262.9,16.13,-0.0,-3.0,3.0,-0.8,-72.5,3.3,13.9,0.2,-58.6,3.5,14.1,7.0,262.53,-2.62,56.59,11.43,26.01,5.86,0.72,10087200.0,8.7185e+24,1.914e+02,1.305e+00,43.440,0.9979,8.4133e+24,97.74,96.50,44.00,0.0000e+00,0.00,0.00,28.00,3.0515e+23,2.26,3.50,28.00,0.0000e+00,0.00,0.00,4.00,0.0000e+00,0.00,0.00,1.01,0.0000e+00,0.00,0.00,14.00,0.0000e+00,0.00,0.00,16.00,58.451,-0.451
0.0,59.000,22.00,48.00,6110.800,6051.800,8.700,268.7,2.797e+04,5.448e-01,5.979,6.966,259.1,9.209e+06,0.003,34.660,268.7,2.797e+04,5.448e-01,0.0,5.281e-01,5.621e-01,5.395e-01,-1.0,3.12,260.4,16.58,-0.0,-3.1,3.2,-1.0,-73.7,3.5,6.6,0.8,-67.2,4.3,14.5,7.3,262.53,-2.62,56.59,11.43,26.01,5.86,0.72,10087200.0,7.5526e+24,1.914e+02,1.308e+00,43.440,0.9981,7.2882e+24,97.74,96.50,44.00,0.0000e+00,0.00,0.00,28.00,2.6434e+23,2.26,3.50,28.00,0.0000e+00,0.00,0.00,4.00,0.0000e+00,0.00,0.00,1.01,0.0000e+00,0.00,0.00,14.00,0.0000e+00,0.00,0.00,16.00,59.451,-0.451
0.0,60.000,22.00,48.00,6111.800,6051.800,8.697,262.8,2.357e+04,4.694e-01,5.846,6.713,256.6,9.209e+06,0.003,34.888,262.8,2.357e+04,4.694e-01,0.0,4.544e-01,4.849e-01,4.595e-01,-2.1,3.25,259.3,17.06,0.0,-3.2,3.3,-2.1,-75.0,3.7,14.7,-5.3,-60.3,-1.6,15.0,7.5,262.53,-2.62,56.59,11.43,26.01,5.86,0.72,10087200.0,6.5073e+24,1.914e+02,1.311e+00,43.440,0.9982,6.2796e+24,97.74,96.50,44.00,0.0000e+00,0.00,0.00,28.00,2.2776e+23,2.26,3.50,28.00,0.0000e+00,0.00,0.00,4.00,0.0000e+00,0.00,0.00,1.01,0.0000e+00,0.00,0.00,14.00,0.0000e+00,0.00,0.00,16.00,60.451,-0.451
0.0,61.000,22.00,48.00,6112.800,6051.800,8.694,258.6,1.977e+04,4.001e-01,5.698,6.264,254.7,9.209e+06,0.002,35.009,258.6,1.977e+04,4.001e-01,0.0,3.868e-01,4.138e-01,3.867e-01,-3.3,3.37,259.1,17.57,-0.0,-3.3,3.4,-3.3,-76.2,3.9,14.2,-3.1,-62.0,0.8,15.1,7.5,262.53,-2.62,56.59,11.43,26.01,5.86,0.72,10087200.0,5.5472e+24,1.914e+02,1.313e+00,43.440,0.9984,5.3530e+24,97.74,96.50,44.00,0.0000e+00,0.00,0.00,28.00,1.9415e+23,2.26,3.50,28.00,0.0000e+00,0.00,0.00,4.00,0.0000e+00,0.00,0.00,1.01,0.0000e+00,0.00,0.00,14.00,0.0000e+00,0.00,0.00,16.00,61.451,-0.451
0.0,62.000,22.00,48.00,6113.800,6051.800,8.691,254.5,1.659e+04,3.411e-01,5.698,6.264,252.9,9.209e+06,0.002,36.009,254.5,1.659e+04,3.411e-01,0.0,3.294e-01,3.532e-01,3.378e-01,-1.0,3.50,254.1,18.11,-0.0,-3.4,3.6,-1.0,-77.4,4.1,10.8,-0.2,-66.7,3.9,15.2,7.6,262.53,-2.62,56.59,11.43,26.01,5.86,0.72,10087200.0,4.7287e+24,1.914e+02,1.315e+00,43.440,0.9986,4.5632e+24,97.74,96.50,44.00,0.0000e+00,0.00,0.00,28.00,1.6550e+23,2.26,3.50,28.00,0.0000e+00,0.00,0.00,4.00,0.0000e+00,0.00,0.00,1.01,0.0000e+00,0.00,0.00,14.00,0.0000e+00,0.00,0.00,16.00,62.451,-0.451
0.0,63.000,22.00,48.00,6114.800,6051.800,8.688,251.0,1.385e+04,2.886e-01,5.535,5.992,251.3,9.209e+06,0.002,35.973,251.0,1.385e+04,2.886e-01,0.0,2.784e-01,2.993e-01,2.853e-01,-1.1,3.62,252.8,18.69,0.0,-3.6,3.7,-1.1,-78.7,4.3,14.7,-1.2,-64.0,3.1,15.3,7.7,262.53,-2.62,56.59,11.43,26.01,5.86,0.72,10087200.0,4.0019e+24,1.914e+02,1.317e+00,43.440,0.9987,3.8618e+24,97.74,96.50,44.00,0.0000e+00,0.00,0.00,28.00,1.4006e+23,2.26,3.50,28.00,0.0000e+00,0.00,0.00,4.00,0.0000e+00,0.00,0.00,1.01,0.0000e+00,0.00,0.00,14.00,0.0000e+00,0.00,0.00,16.00,63.451,-0.451
0.0,64.000,22.00,48.00,6115.800,6051.800,8.685,247.5,1.156e+04,2.443e-01,5.535,5.992,249.8,9.209e+06,0.001,36.973,247.5,1.156e+04,2.443e-01,0.0,2.353e-01,2.536e-01,2.445e-01,0.1,3.75,249.7,19.30,-0.0,-3.7,3.8,0.1,-79.9,4.5,12.4,-1.0,-67.6,3.5,15.4,7.7,262.53,-2.62,56.59,11.43,26.01,5.86,0.72,10087200.0,3.3867e+24,1.914e+02,1.319e+00,43.440,0.9989,3.2682e+24,97.74,96.50,44.00,0.0000e+00,0.00,0.00,28.00,1.1854e+23,2.26,3.50,28.00,0.0000e+00,0.00,0.00,4.00,0.0000e+00,0.00,0.00,1.01,0.0000e+00,0.00,0.00,14.00,0.0000e+00,0.00,0.00,16.00,64.451,-0.451
0.0,65.000,22.00,48.00,6116.800,6051.800,8.683,244.2,9.599e+03,2.055e-01,5.378,5.786,248.3,9.209e+06,0.001,36.926,244.2,9.599e+03,2.055e-01,0.0,1.977e-01,2.136e-01,2.105e-01,2.4,3.87,245.4,19.95,-0.0,-3.8,3.9,2.4,-81.1,4.7,9.1,2.8,-72.1,7.5,15.5,7.8,262.53,-2.62,56.59,11.43,26.01,5.86,0.72,10087200.0,2.8492e+24,1.914e+02,1.320e+00,43.440,0.9991,2.7494e+24,97.74,96.50,44.00,0.0000e+00,0.00,0.00,28.00,9.9721e+22,2.26,3.50,28.00,0.0000e+00,0.00,0.00,4.00,0.0000e+00,0.00,0.00,1.01,0.0000e+00,0.00,0.00,14.00,0.0000e+00,0.00,0.00,16.00,65.451,-0.451
0.0,66.000,22.00,48.00,6117.800,6051.800,8.680,241.0,7.970e+03,1.729e-01,5.378,5.786,246.9,9.209e+06,0.001,37.926,241.0,7.970e+03,1.729e-01,0.0,1.661e-01,1.800e-01,1.756e-01,1.6,4.00,245.0,19.95,-0.0,-3.9,4.1,1.6,-82.4,4.9,6.1,0.5,-76.3,5.4,15.6,7.8,262.53,-2.62,56.59,11.43,26.01,5.86,0.72,10087200.0,2.3969e+24,1.914e+02,1.322e+00,43.440,0.9993,2.3130e+24,97.74,96.50,44.00,0.0000e+00,0.00,0.00,28.00,8.3892e+22,2.26,3.50,28.00,0.0000e+00,0.00,0.00,4.00,0.0000e+00,0.00,0.00,1.01,0.0000e+00,0.00,0.00,14.00,0.0000e+00,0.00,0.00,16.00,66.451,-0.451
0.0,67.000,22.00,48.00,6118.800,6051.800,8.677,238.2,6.590e+03,1.446e-01,5.259,5.603,245.6,9.209e+06,0.001,38.085,238.2,6.590e+03,1.446e-01,0.0,1.388e-01,1.507e-01,1.425e-01,-1.5,4.12,247.4,19.95,-0.0,-4.0,4.2,-1.5,-83.6,5.1,3.0,-3.1,-80.7,2.0,15.7,7.8,262.53,-2.62,56.59,11.43,26.01,5.86,0.72,10087200.0,2.0052e+24,1.914e+02,1.324e+00,43.440,0.9993,1.9350e+24,97.74,96.50,44.00,0.0000e+00,0.00,0.00,28.00,7.0181e+22,2.26,3.50,28.00,0.0000e+00,0.00,0.00,4.00,0.0000e+00,0.00,0.00,1.01,0.0000e+00,0.00,0.00,14.00,0.0000e+00,0.00,0.00,16.00,67.451,-0.451
0.0,68.000,22.00,48.00,6119.800,6051.800,8.674,235.4,5.448e+03,1.210e-01,5.259,5.603,244.3,9.209e+06,0.001,39.085,235.4,5.448e+03,1.210e-01,0.0,1.160e-01,1.263e-01,1.202e-01,-0.7,4.25,245.1,19.95,-0.0,-4.2,4.3,-0.7,-84.8,5.3,-16.4,-1.5,-101.3,3.7,15.8,7.9,262.53,-2.62,56.59,11.43,26.01,5.86,0.72,10087200.0,1.6774e+24,1.914e+02,1.325e+00,43.440,0.9994,1.6187e+24,97.74,96.50,44.00,0.0000e+00,0.00,0.00,28.00,5.8710e+22,2.26,3.50,28.00,0.0000e+00,0.00,0.00,4.00,0.0000e+00,0.00,0.00,1.01,0.0000e+00,0.00,0.00,14.00,0.0000e+00,0.00,0.00,16.00,68.451,-0.451
0.0,69.000,22.00,48.00,6120.800,6051.800,8.671,232.6,4.484e+03,1.008e-01,5.131,5.467,243.0,9.209e+06,0.000,39.137,232.6,4.484e+03,1.008e-01,0.0,9.646e-02,1.053e-01,9.914e-02,-1.6,4.37,245.0,19.95,0.0,-4.3,4.5,-1.6,-86.1,5.4,-20.6,-2.7,-106.7,2.8,15.9,8.0,262.53,-2.62,56.59,11.43,26.01,5.86,0.72,10087200.0,1.3970e+24,1.914e+02,1.327e+00,43.440,0.9994,1.3481e+24,97.74,96.50,44.00,0.0000e+00,0.00,0.00,28.00,4.8897e+22,2.26,3.50,28.00,0.0000e+00,0.00,0.00,4.00,0.0000e+00,0.00,0.00,1.01,0.0000e+00,0.00,0.00,14.00,0.0000e+00,0.00,0.00,16.00,69.451,-0.451
0.0,70.000,22.00,48.00,6121.800,6051.800,8.668,229.8,3.690e+03,8.393e-02,5.131,5.467,241.7,9.209e+06,0.000,40.137,229.8,3.690e+03,8.393e-02,0.0,8.024e-02,8.779e-02,8.338e-02,-0.7,4.50,242.5,19.95,-0.0,-4.4,4.6,-0.7,-87.3,5.6,-22.2,-2.8,-109.5,2.8,16.0,8.0,262.53,-2.62,56.59,11.43,26.01,5.86,0.72,10087200.0,1.1635e+24,1.914e+02,1.328e+00,43.440,0.9995,1.1228e+24,97.74,96.50,44.00,0.0000e+00,0.00,0.00,28.00,4.0723e+22,2.26,3.50,28.00,0.0000e+00,0.00,0.00,4.00,0.0000e+00,0.00,0.00,1.01,0.0000e+00,0.00,0.00,14.00,0.0000e+00,0.00,0.00,16.00,70.451,-0.451
0.0,71.000,22.00,48.00,6122.800,6051.800,8.666,226.9,3.023e+03,6.961e-02,5.014,5.350,240.3,9.209e+06,0.000,40.222,226.9,3.023e+03,6.961e-02,0.0,6.647e-02,7.291e-02,6.846e-02,-1.7,4.62,242.3,19.95,-0.0,-4.5,4.7,-1.7,-88.5,5.8,-28.3,-3.7,-116.9,2.1,16.1,8.1,262.53,-2.62,56.59,11.43,26.01,5.86,0.72,10087200.0,9.6515e+23,1.914e+02,1.330e+00,43.440,0.9995,9.3137e+23,97.74,96.50,44.00,0.0000e+00,0.00,0.00,28.00,3.3780e+22,2.26,3.50,28.00,0.0000e+00,0.00,0.00,4.00,0.0000e+00,0.00,0.00,1.01,0.0000e+00,0.00,0.00,14.00,0.0000e+00,0.00,0.00,16.00,71.451,-0.451
0.0,72.000,22.00,48.00,6123.800,6051.800,8.663,224.1,2.476e+03,5.775e-02,5.014,5.350,239.0,9.209e+06,0.000,41.222,224.1,2.476e+03,5.775e-02,0.0,5.507e-02,6.056e-02,5.552e-02,-3.9,4.75,243.7,19.95,-0.0,-4.6,4.9,-3.9,-89.8,6.0,-33.2,-5.1,-123.0,0.9,16.2,8.1,262.53,-2.62,56.59,11.43,26.01,5.86,0.72,10087200.0,8.0059e+23,1.914e+02,1.332e+00,43.440,0.9996,7.7257e+23,97.74,96.50,44.00,0.0000e+00,0.00,0.00,28.00,2.8021e+22,2.26,3.50,28.00,0.0000e+00,0.00,0.00,4.00,0.0000e+00,0.00,0.00,1.01,0.0000e+00,0.00,0.00,14.00,0.0000e+00,0.00,0.00,16.00,72.451,-0.451
0.0,73.000,22.00,48.00,6124.800,6051.800,8.660,221.3,2.018e+03,4.765e-02,4.891,5.206,237.6,9.209e+06,0.000,41.213,221.3,2.018e+03,4.765e-02,0.0,4.539e-02,5.003e-02,4.611e-02,-3.2,4.87,241.6,19.95,-0.0,-4.8,5.0,-3.2,-91.0,6.1,-26.6,-4.1,-117.6,2.0,16.3,8.2,262.53,-2.62,56.59,11.43,26.01,5.86,0.72,10087200.0,6.6069e+23,1.914e+02,1.334e+00,43.440,0.9996,6.3756e+23,97.74,96.50,44.00,0.0000e+00,0.00,0.00,28.00,2.3124e+22,2.26,3.50,28.00,0.0000e+00,0.00,0.00,4.00,0.0000e+00,0.00,0.00,1.01,0.0000e+00,0.00,0.00,14.00,0.0000e+00,0.00,0.00,16.00,73.451,-0.451
0.0,74.000,22.00,48.00,6125.800,6051.800,8.657,218.6,1.645e+03,3.933e-02,4.891,5.206,236.3,9.209e+06,0.000,42.213,218.6,1.645e+03,3.933e-02,0.0,3.741e-02,4.134e-02,3.913e-02,-0.5,5.00,236.9,19.95,0.0,-4.9,5.1,-0.5,-92.2,6.3,-34.2,-7.3,-126.4,-1.1,16.4,8.2,262.53,-2.62,56.59,11.43,26.01,5.86,0.72,10087200.0,5.4523e+23,1.914e+02,1.335e+00,43.440,0.9997,5.2615e+23,97.74,96.50,44.00,0.0000e+00,0.00,0.00,28.00,1.9083e+22,2.26,3.50,28.00,0.0000e+00,0.00,0.00,4.00,0.0000e+00,0.00,0.00,1.01,0.0000e+00,0.00,0.00,14.00,0.0000e+00,0.00,0.00,16.00,74.451,-0.451
0.0,75.000,22.00,48.00,6126.800,6051.800,8.654,215.3,1.333e+03,3.236e-02,4.762,5.129,234.7,9.209e+06,0.000,42.093,215.3,1.333e+03,3.236e-02,0.0,3.075e-02,3.406e-02,3.253e-02,0.5,5.12,234.1,19.95,0.0,-5.0,5.3,0.5,-93.5,6.4,-36.3,-17.3,-129.8,-11.0,16.5,8.2,262.53,-2.62,56.59,11.43,26.01,5.86,0.72,10087200.0,4.4865e+23,1.914e+02,1.337e+00,43.440,0.9998,4.3295e+23,97.74,96.50,44.00,0.0000e+00,0.00,0.00,28.00,1.5703e+22,2.26,3.50,28.00,0.0000e+00,0.00,0.00,4.00,0.0000e+00,0.00,0.00,1.01,0.0000e+00,0.00,0.00,14.00,0.0000e+00,0.00,0.00,16.00,75.451,-0.451
0.0,76.000,22.00,48.00,6127.800,6051.800,8.651,212.1,1.081e+03,2.663e-02,4.762,5.129,233.2,9.209e+06,0.000,43.093,212.1,1.081e+03,2.663e-02,0.0,2.527e-02,2.806e-02,2.652e-02,-0.4,5.24,233.6,19.95,0.0,-5.1,5.4,-0.4,-94.7,6.5,-34.2,-9.9,-128.9,-3.3,16.6,8.3,262.53,-2.62,56.59,11.43,26.01,5.86,0.72,10087200.0,3.6917e+23,1.914e+02,1.339e+00,43.440,0.9998,3.5625e+23,97.74,96.50,44.00,0.0000e+00,0.00,0.00,28.00,1.2921e+22,2.26,3.50,28.00,0.0000e+00,0.00,0.00,4.00,0.0000e+00,0.00,0.00,1.01,0.0000e+00,0.00,0.00,14.00,0.0000e+00,0.00,0.00,16.00,76.451,-0.451
0.0,77.000,22.00,48.00,6128.800,6051.800,8.649,208.7,8.705e+02,2.179e-02,4.619,4.993,231.5,9.209e+06,0.000,42.804,208.7,8.705e+02,2.179e-02,0.0,2.066e-02,2.299e-02,2.203e-02,1.1,5.37,230.2,19.95,-0.0,-5.2,5.5,1.1,-95.9,6.6,-34.5,-11.1,-130.4,-4.4,16.7,8.3,262.53,-2.62,56.59,11.43,26.01,5.86,0.72,10087200.0,3.0216e+23,1.914e+02,1.342e+00,43.440,0.9999,2.9159e+23,97.74,96.50,44.00,0.0000e+00,0.00,0.00,28.00,1.0576e+22,2.26,3.50,28.00,0.0000e+00,0.00,0.00,4.00,0.0000e+00,0.00,0.00,1.01,0.0000e+00,0.00,0.00,14.00,0.0000e+00,0.00,0.00,16.00,77.451,-0.451
0.0,78.000,22.00,48.00,6129.800,6051.800,8.646,205.3,7.010e+02,1.784e-02,4.619,4.993,229.8,9.209e+06,0.000,43.804,205.3,7.010e+02,1.784e-02,0.0,1.689e-02,1.885e-02,1.804e-02,1.1,5.49,228.5,19.95,0.0,-5.3,5.6,1.1,-97.2,6.8,-29.0,-12.8,-126.1,-6.0,16.8,8.4,262.53,-2.62,56.59,11.43,26.01,5.86,0.72,10087200.0,2.4732e+23,1.914e+02,1.344e+00,43.440,1.0000,2.3866e+23,97.74,96.50,44.00,0.0000e+00,0.00,0.00,28.00,8.6561e+21,2.26,3.50,28.00,0.0000e+00,0.00,0.00,4.00,0.0000e+00,0.00,0.00,1.01,0.0000e+00,0.00,0.00,14.00,0.0000e+00,0.00,0.00,16.00,78.451,-0.451
0.0,79.000,22.00,48.00,6130.800,6051.800,8.643,201.2,5.600e+02,1.454e-02,4.454,4.899,227.7,9.209e+06,0.000,43.238,201.2,5.600e+02,1.454e-02,0.0,1.375e-02,1.538e-02,1.450e-02,-0.3,5.61,228.0,19.95,0.0,-5.5,5.8,-0.3,-98.4,6.9,-21.0,-6.2,-119.4,0.7,16.9,8.4,262.53,-2.62,56.59,11.43,26.01,5.86,0.72,10087200.0,2.0165e+23,1.914e+02,1.347e+00,43.440,1.0000,1.9459e+23,97.74,96.50,44.00,0.0000e+00,0.00,0.00,28.00,7.0578e+21,2.26,3.50,28.00,0.0000e+00,0.00,0.00,4.00,0.0000e+00,0.00,0.00,1.01,0.0000e+00,0.00,0.00,14.00,0.0000e+00,0.00,0.00,16.00,79.451,-0.451
0.0,80.000,22.00,48.00,6131.800,6051.800,8.640,197.1,4.474e+02,1.186e-02,4.454,4.899,225.6,9.209e+06,0.000,44.238,197.1,4.474e+02,1.186e-02,0.0,1.120e-02,1.256e-02,1.156e-02,-2.5,5.74,228.6,19.95,0.0,-5.6,5.9,-2.5,-99.6,6.9,-20.8,3.8,-120.5,10.8,17.0,8.5,262.53,-2.62,56.59,11.43,26.01,5.86,0.72,10087200.0,1.6442e+23,1.914e+02,1.349e+00,43.440,1.0000,1.5866e+23,97.74,96.50,44.00,0.0000e+00,0.00,0.00,28.00,5.7546e+21,2.26,3.50,28.00,0.0000e+00,0.00,0.00,4.00,0.0000e+00,0.00,0.00,1.01,0.0000e+00,0.00,0.00,14.00,0.0000e+00,0.00,0.00,16.00,80.451,-0.451
0.0,81.000,22.00,48.00,6132.800,6051.800,8.637,193.5,3.544e+02,9.570e-03,4.293,4.665,223.8,9.209e+06,0.000,43.635,193.5,3.544e+02,9.570e-03,0.0,9.026e-03,1.015e-02,9.217e-03,-3.7,5.86,228.0,19.95,-0.0,-5.7,6.0,-3.7,-96.3,6.7,-25.8,8.7,-122.1,15.4,17.1,8.6,262.53,-2.62,56.59,11.43,26.01,5.86,0.72,10087200.0,1.3269e+23,1.914e+02,1.352e+00,43.440,1.0000,1.2805e+23,97.74,96.50,44.00,0.0000e+00,0.00,0.00,28.00,4.6443e+21,2.26,3.50,28.00,0.0000e+00,0.00,0.00,4.00,0.0000e+00,0.00,0.00,1.01,0.0000e+00,0.00,0.00,14.00,0.0000e+00,0.00,0.00,16.00,81.451,-0.451
0.0,82.000,22.00,48.00,6133.800,6051.800,8.634,189.9,2.808e+02,7.725e-03,4.293,4.665,221.8,9.209e+06,0.000,44.635,189.9,2.808e+02,7.725e-03,0.0,7.277e-03,8.201e-03,7.541e-03,-2.4,5.98,224.5,19.95,-0.0,-5.8,6.2,-2.4,-92.6,7.6,-17.7,6.8,-110.3,14.4,17.2,8.6,262.53,-2.62,56.59,11.43,26.01,5.86,0.72,10087200.0,1.0709e+23,1.914e+02,1.354e+00,43.440,1.0000,1.0334e+23,97.74,96.50,44.00,0.0000e+00,0.00,0.00,28.00,3.7482e+21,2.26,3.50,28.00,0.0000e+00,0.00,0.00,4.00,0.0000e+00,0.00,0.00,1.01,0.0000e+00,0.00,0.00,14.00,0.0000e+00,0.00,0.00,16.00,82.451,-0.451
0.0,83.000,22.00,48.00,6134.800,6051.800,8.632,186.9,2.206e+02,6.168e-03,4.145,4.445,220.2,9.209e+06,0.000,44.103,186.9,2.206e+02,6.168e-03,0.0,5.803e-03,6.556e-03,6.132e-03,-0.6,6.10,220.8,19.95,0.0,-5.9,6.3,-0.6,-88.8,8.4,-27.3,7.1,-116.1,15.5,17.3,8.7,262.53,-2.62,56.59,11.43,26.01,5.86,0.72,10087200.0,8.5522e+22,1.914e+02,1.356e+00,43.438,1.0000,8.2517e+22,97.74,96.49,44.00,3.7106e+17,0.00,0.00,28.00,3.0037e+21,2.26,3.51,28.00,0.0000e+00,0.00,0.00,4.00,0.0000e+00,0.00,0.00,1.01,0.0000e+00,0.00,0.00,14.00,7.4211e+16,0.00,0.00,16.00,83.451,-0.451
0.0,84.000,22.00,48.00,6135.800,6051.800,8.629,183.8,1.733e+02,4.926e-03,4.145,4.445,218.6,9.209e+06,0.000,45.103,183.8,1.733e+02,4.926e-03,0.0,4.629e-03,5.242e-03,4.852e-03,-1.5,6.23,220.2,19.95,0.0,-6.0,6.4,-1.5,-85.0,9.3,-32.7,9.3,-117.7,18.6,17.4,8.7,262.53,-2.62,56.59,11.43,26.01,5.86,0.72,10087200.0,6.8296e+22,1.914e+02,1.358e+00,43.436,1.0000,6.5888e+22,97.73,96.47,44.00,1.1734e+18,0.00,0.00,28.00,2.4071e+21,2.27,3.52,28.00,0.0000e+00,0.00,0.00,4.00,0.0000e+00,0.00,0.00,1.01,0.0000e+00,0.00,0.00,14.00,2.3468e+17,0.00,0.00,16.00,84.451,-0.451
0.0,85.000,22.00,48.00,6136.800,6051.800,8.626,181.0,1.351e+02,3.900e-03,4.018,4.283,217.0,9.209e+06,0.000,44.721,181.0,1.351e+02,3.900e-03,0.0,3.660e-03,4.155e-03,3.937e-03,1.0,6.35,216.0,19.95,0.0,-6.1,6.6,1.0,-81.2,10.1,-26.8,8.4,-108.0,18.5,17.5,8.8,262.53,-2.62,56.59,11.43,26.01,5.86,0.72,10087200.0,5.4079e+22,1.914e+02,1.359e+00,43.431,1.0000,5.2157e+22,97.71,96.45,44.00,1.6393e+18,0.00,0.00,28.00,1.9200e+21,2.29,3.55,28.00,0.0000e+00,0.00,0.00,4.00,0.0000e+00,0.00,0.00,1.01,0.0000e+00,0.00,0.00,14.00,3.2785e+17,0.00,0.00,16.00,85.451,-0.451
0.0,86.000,22.00,48.00,6137.800,6051.800,8.623,178.2,1.054e+02,3.088e-03,4.018,4.283,215.5,9.209e+06,0.000,45.721,178.2,1.054e+02,3.088e-03,0.0,2.895e-03,3.294e-03,3.026e-03,-2.0,6.47,217.7,19.95,0.0,-6.3,6.7,-2.0,-77.5,11.0,-15.1,3.9,-92.5,14.9,17.6,8.8,262.53,-2.62,56.59,11.43,26.01,5.86,0.72,10087200.0,4.2823e+22,1.915e+02,1.361e+00,43.427,1.0000,4.1288e+22,97.69,96.42,44.00,2.2901e+18,0.00,0.01,28.00,1.5315e+21,2.31,3.58,28.00,0.0000e+00,0.00,0.00,4.00,0.0000e+00,0.00,0.00,1.01,0.0000e+00,0.00,0.00,14.00,4.5802e+17,0.00,0.00,16.00,86.451,-0.451
0.0,87.000,22.00,48.00,6138.800,6051.800,8.620,175.9,8.154e+01,2.421e-03,3.902,4.109,214.2,9.209e+06,0.000,45.403,175.9,8.154e+01,2.421e-03,0.0,2.266e-03,2.586e-03,2.410e-03,-0.4,6.59,214.7,19.95,0.0,-6.4,6.8,-0.4,-73.7,11.8,-15.2,6.6,-89.0,18.4,17.7,8.8,262.53,-2.62,56.59,11.43,26.01,5.86,0.72,10087200.0,3.3578e+22,1.915e+02,1.362e+00,43.419,1.0000,3.2359e+22,97.66,96.37,44.00,2.6557e+18,0.01,0.01,28.00,1.2160e+21,2.34,3.62,28.00,0.0000e+00,0.00,0.00,4.00,0.0000e+00,0.00,0.00,1.01,0.0000e+00,0.00,0.00,14.00,5.3114e+17,0.00,0.00,16.00,87.451,-0.451
0.0,88.000,22.00,48.00,6139.800,6051.800,8.618,173.6,6.311e+01,1.898e-03,3.902,4.109,212.9,9.209e+06,0.000,46.403,173.6,6.311e+01,1.898e-03,0.0,1.775e-03,2.030e-03,1.875e-03,-1.2,6.71,214.2,19.95,0.0,-6.5,6.9,-1.2,-69.9,12.6,-12.0,4.4,-81.9,17.1,17.8,8.9,262.53,-2.62,56.59,11.43,26.01,5.86,0.72,10087200.0,2.6330e+22,1.915e+02,1.364e+00,43.411,1.0000,2.5361e+22,97.63,96.32,44.00,3.0797e+18,0.01,0.01,28.00,9.6551e+20,2.37,3.67,28.00,0.0000e+00,0.00,0.00,4.00,0.0000e+00,0.00,0.00,1.01,0.0000e+00,0.00,0.00,14.00,6.1594e+17,0.00,0.00,16.00,88.451,-0.451
0.0,89.000,22.00,48.00,6140.800,6051.800,8.615,171.5,4.855e+01,1.478e-03,3.814,3.999,211.8,9.209e+06,0.000,46.346,171.5,4.855e+01,1.478e-03,0.0,1.380e-03,1.582e-03,1.498e-03,1.4,6.84,210.4,19.95,-0.0,-6.6,7.1,1.4,-66.2,13.5,-25.2,-3.0,-91.4,10.4,17.9,8.9,262.53,-2.62,56.59,11.43,26.01,5.86,0.72,10087200.0,2.0506e+22,1.916e+02,1.365e+00,43.406,1.0000,1.9746e+22,97.61,96.29,44.00,2.7452e+18,0.01,0.01,28.00,7.5724e+20,2.38,3.69,28.00,0.0000e+00,0.00,0.00,4.00,0.0000e+00,0.00,0.00,1.01,0.0000e+00,0.00,0.00,14.00,5.4904e+17,0.00,0.00,16.00,89.451,-0.451
0.0,90.000,22.00,48.00,6141.800,6051.800,8.612,169.4,3.735e+01,1.151e-03,3.814,3.999,210.6,9.209e+06,0.000,47.346,169.4,3.735e+01,1.151e-03,0.0,1.074e-03,1.234e-03,1.165e-03,1.2,6.96,209.3,19.95,0.0,-6.7,7.2,1.2,-62.4,14.3,-33.3,4.0,-95.8,18.3,18.0,9.0,262.53,-2.62,56.59,11.43,26.01,5.86,0.72,10087200.0,1.5971e+22,1.916e+02,1.367e+00,43.402,1.0000,1.5374e+22,97.59,96.26,44.00,2.4470e+18,0.01,0.02,28.00,5.9390e+20,2.40,3.72,28.00,0.0000e+00,0.00,0.00,4.00,0.0000e+00,0.00,0.00,1.01,0.0000e+00,0.00,0.00,14.00,4.8941e+17,0.00,0.00,16.00,90.451,-0.451
0.0,91.000,22.00,48.00,6142.800,6051.800,8.609,168.3,2.861e+01,8.870e-04,3.748,3.839,210.0,9.209e+06,0.000,47.533,168.3,2.861e+01,8.870e-04,0.0,8.264e-04,9.520e-04,9.428e-04,6.3,7.08,203.7,19.95,-0.0,-6.8,7.3,6.3,-58.6,15.1,-26.8,13.9,-85.5,29.0,18.1,9.1,262.53,-2.62,56.59,11.43,26.01,5.86,0.72,10087200.0,1.2311e+22,1.916e+02,1.367e+00,43.392,1.0000,1.1843e+22,97.55,96.20,44.00,2.3348e+18,0.01,0.02,28.00,4.6491e+20,2.44,3.78,28.00,0.0000e+00,0.00,0.00,4.00,0.0000e+00,0.00,0.00,1.01,0.0000e+00,0.00,0.00,14.00,4.6695e+17,0.00,0.00,16.00,91.451,-0.451
0.0,92.000,22.00,48.00,6143.800,6051.800,8.606,167.2,2.191e+01,6.836e-04,3.748,3.839,209.4,9.209e+06,0.000,48.533,167.2,2.191e+01,6.836e-04,0.0,6.361e-04,7.346e-04,6.752e-04,-1.2,7.20,210.7,19.95,-0.0,-6.9,7.5,-1.2,-54.9,15.9,-27.5,15.2,-82.4,31.2,18.2,9.1,262.53,-2.62,56.59,11.43,26.01,5.86,0.72,10087200.0,9.4897e+21,1.917e+02,1.368e+00,43.381,1.0000,9.1230e+21,97.51,96.14,44.00,2.2276e+18,0.02,0.02,28.00,3.6394e+20,2.48,3.84,28.00,0.0000e+00,0.00,0.00,4.00,0.0000e+00,0.00,0.00,1.01,0.0000e+00,0.00,0.00,14.00,4.4553e+17,0.00,0.00,16.00,92.451,-0.451
0.0,93.000,22.00,48.00,6144.800,6051.800,8.604,167.2,1.675e+01,5.226e-04,3.728,3.723,209.4,9.209e+06,0.000,49.278,167.2,1.675e+01,5.226e-04,0.0,4.857e-04,5.623e-04,5.291e-04,1.3,7.32,208.1,19.95,-0.0,-7.1,7.6,1.3,-51.1,16.8,-32.8,12.9,-83.9,29.7,18.3,9.2,262.53,-2.62,56.59,11.43,26.01,5.86,0.72,10087200.0,7.2570e+21,1.917e+02,1.368e+00,43.365,1.0000,6.9697e+21,97.45,96.04,44.00,2.1138e+18,0.02,0.03,28.00,2.8480e+20,2.53,3.92,28.00,0.0000e+00,0.00,0.00,4.00,0.0000e+00,0.00,0.00,1.01,0.0000e+00,0.00,0.00,14.00,4.2276e+17,0.00,0.01,16.00,93.451,-0.451
0.0,94.000,22.00,48.00,6145.800,6051.800,8.601,167.2,1.281e+01,3.995e-04,3.728,3.723,209.5,9.209e+06,0.000,50.278,167.2,1.281e+01,3.995e-04,0.0,3.709e-04,4.303e-04,3.927e-04,-1.7,7.44,211.3,19.95,0.0,-7.2,7.7,-1.7,-47.3,17.6,-17.5,11.6,-64.9,29.2,18.4,9.2,262.53,-2.62,56.59,11.43,26.01,5.86,0.72,10087200.0,5.5499e+21,1.918e+02,1.368e+00,43.350,1.0000,5.3246e+21,97.38,95.94,44.00,2.0057e+18,0.02,0.04,28.00,2.2288e+20,2.59,4.02,28.00,0.0000e+00,0.00,0.00,4.00,0.0000e+00,0.00,0.00,1.01,0.0000e+00,0.00,0.00,14.00,4.0115e+17,0.00,0.01,16.00,94.451,-0.451
0.0,95.000,22.00,48.00,6146.800,6051.800,8.598,168.2,9.812e+00,3.040e-04,3.749,3.663,210.1,9.209e+06,0.000,51.555,168.2,9.812e+00,3.040e-04,0.0,2.819e-04,3.279e-04,3.043e-04,0.1,7.56,210.0,19.95,0.0,-7.3,7.8,0.1,-43.6,18.4,-17.8,10.0,-61.4,28.5,18.5,9.2,262.53,-2.62,56.59,11.43,26.01,5.86,0.72,10087200.0,4.2252e+21,1.919e+02,1.367e+00,43.335,1.0000,4.0499e+21,97.32,95.85,44.00,1.7577e+18,0.03,0.04,28.00,1.7319e+20,2.65,4.10,28.00,0.0000e+00,0.00,0.00,4.00,0.0000e+00,0.00,0.00,1.01,0.0000e+00,0.00,0.00,14.00,3.5155e+17,0.00,0.01,16.00,95.451,-0.451
0.0,96.000,22.00,48.00,6147.800,6051.800,8.595,169.2,7.515e+00,2.314e-04,3.749,3.663,210.7,9.209e+06,0.000,52.555,169.2,7.515e+00,2.314e-04,0.0,2.143e-04,2.499e-04,2.344e-04,1.3,7.69,209.3,19.95,0.0,-7.4,8.0,1.3,-39.8,19.3,-8.9,5.5,-48.8,24.8,18.6,9.3,262.53,-2.62,56.59,11.43,26.01,5.86,0.72,10087200.0,3.2168e+21,1.919e+02,1.367e+00,43.320,1.0000,3.0804e+21,97.26,95.76,44.00,1.5404e+18,0.03,0.05,28.00,1.3458e+20,2.70,4.18,28.00,0.0000e+00,0.00,0.00,4.00,0.0000e+00,0.00,0.00,1.01,0.0000e+00,0.00,0.00,14.00,3.0807e+17,0.00,0.01,16.00,96.451,-0.451
0.0,97.000,22.00,48.00,6148.800,6051.800,8.592,170.6,5.783e+00,1.765e-04,3.817,3.696,211.5,9.209e+06,0.000,54.506,170.6,5.783e+00,1.765e-04,0.0,1.633e-04,1.909e-04,1.770e-04,0.3,7.81,211.2,19.95,0.0,-7.5,8.1,0.3,-36.0,20.1,0.0,-0.3,-36.0,19.8,18.7,9.3,262.53,-2.62,56.59,11.43,26.01,5.86,0.72,10087200.0,2.4551e+21,1.920e+02,1.366e+00,43.306,1.0000,2.3488e+21,97.20,95.67,44.00,1.3117e+18,0.03,0.05,28.00,1.0475e+20,2.76,4.27,28.00,0.0000e+00,0.00,0.00,4.00,0.0000e+00,0.00,0.00,1.01,0.0000e+00,0.00,0.00,14.00,2.6235e+17,0.00,0.01,16.00,97.451,-0.451
0.0,98.000,22.00,48.00,6149.800,6051.800,8.590,172.0,4.450e+00,1.347e-04,3.817,3.696,212.4,9.209e+06,0.000,55.506,172.0,4.450e+00,1.347e-04,0.0,1.244e-04,1.458e-04,1.255e-04,-6.9,7.93,220.0,19.95,0.0,-7.6,8.2,-6.9,-32.3,21.0,-2.3,0.2,-34.6,21.2,18.8,9.4,262.53,-2.62,56.59,11.43,26.01,5.86,0.72,10087200.0,1.8738e+21,1.921e+02,1.365e+00,43.291,1.0000,1.7909e+21,97.14,95.58,44.00,1.1170e+18,0.04,0.06,28.00,8.1529e+19,2.81,4.35,28.00,0.0000e+00,0.00,0.00,4.00,0.0000e+00,0.00,0.00,1.01,0.0000e+00,0.00,0.00,14.00,2.2341e+17,0.00,0.01,16.00,98.451,-0.451
0.0,99.000,22.00,48.00,6150.800,6051.800,8.587,173.6,3.464e+00,1.039e-04,3.992,3.851,213.3,9.209e+06,0.000,59.053,173.0,3.445e+00,1.037e-04,0.0,9.587e-05,1.126e-04,9.740e-05,-6.3,8.05,220.2,19.95,0.2,-7.6,8.5,-6.1,-28.5,21.9,-16.3,-3.5,-44.8,18.3,18.9,9.4,262.53,-2.62,56.59,11.43,26.01,5.86,0.72,10087200.0,1.4438e+21,1.921e+02,1.364e+00,43.292,1.0000,1.3801e+21,97.15,95.59,44.00,8.6721e+17,0.04,0.06,28.00,6.2657e+19,2.81,4.34,28.00,2.4732e+15,0.00,0.00,4.00,0.0000e+00,0.00,0.00,1.01,1.4973e+09,0.00,0.00,14.00,1.8041e+17,0.00,0.01,16.00,99.451,-0.451
0.0,100.000,22.00,48.00,6151.800,6051.800,8.584,175.2,2.696e+00,8.014e-05,3.992,3.851,214.1,9.209e+06,0.000,60.053,173.9,2.667e+00,7.987e-05,0.0,7.386e-05,8.695e-05,7.811e-05,-2.5,8.17,216.9,19.95,0.3,-7.5,8.9,-2.2,-24.7,22.8,-1.7,2.0,-26.4,24.8,19.0,9.5,262.53,-2.62,56.59,11.43,26.01,5.86,0.72,10087200.0,1.1125e+21,1.920e+02,1.363e+00,43.294,1.0000,1.0635e+21,97.16,95.60,44.00,6.7325e+17,0.04,0.06,28.00,4.8154e+19,2.80,4.33,28.00,7.8208e+15,0.00,0.00,4.00,0.0000e+00,0.00,0.00,1.01,4.7349e+09,0.00,0.00,14.00,1.4568e+17,0.00,0.01,16.00,100.451,-0.451
0.0,101.000,22.00,48.00,6152.800,6051.800,8.581,175.1,2.091e+00,6.216e-05,3.932,3.936,214.1,9.209e+06,0.000,60.152,172.3,2.045e+00,6.187e-05,0.0,5.722e-05,6.752e-05,6.174e-05,-0.7,8.29,214.8,19.95,0.5,-7.5,9.1,-0.2,-21.0,23.6,-10.2,-6.6,-31.1,17.0,19.1,9.6,262.53,-2.62,56.59,11.43,26.01,5.86,0.72,10087200.0,8.6295e+20,1.921e+02,1.363e+00,43.290,1.0000,8.2510e+20,97.17,95.61,44.00,6.7823e+17,0.05,0.08,28.00,3.6997e+19,2.77,4.29,28.00,6.1217e+15,0.00,0.00,4.00,0.0000e+00,0.00,0.00,1.01,1.0524e+10,0.00,0.00,14.00,1.7015e+17,0.01,0.02,16.00,101.451,-0.451
0.0,102.000,22.00,48.00,6153.800,6051.800,8.578,175.1,1.621e+00,4.821e-05,3.932,3.936,214.1,9.209e+06,0.000,61.152,170.6,1.568e+00,4.793e-05,0.0,4.433e-05,5.243e-05,4.848e-05,0.6,8.41,213.5,19.95,0.6,-7.5,9.4,1.1,-17.2,24.5,-10.5,-6.6,-27.7,18.0,19.2,9.6,262.53,-2.62,56.59,11.43,26.01,5.86,0.72,10087200.0,6.6947e+20,1.921e+02,1.363e+00,43.287,1.0000,6.4016e+20,97.18,95.62,44.00,6.8326e+17,0.07,0.10,28.00,2.8425e+19,2.75,4.25,28.00,4.7916e+15,0.00,0.00,4.00,0.0000e+00,0.00,0.00,1.01,2.3393e+10,0.00,0.00,14.00,1.9873e+17,0.01,0.03,16.00,102.451,-0.451
0.0,103.000,22.00,48.00,6154.800,6051.800,8.576,175.0,1.257e+00,3.739e-05,3.932,3.936,214.1,9.209e+06,0.000,62.152,168.9,1.203e+00,3.714e-05,0.0,3.434e-05,4.072e-05,3.768e-05,0.8,8.53,213.3,19.95,0.7,-7.5,9.6,1.5,-13.4,25.5,-8.0,-6.0,-21.5,19.5,19.3,9.7,262.53,-2.62,56.59,11.43,26.01,5.86,0.72,10087200.0,5.1943e+20,1.921e+02,1.363e+00,43.283,1.0000,4.9667e+20,97.18,95.62,44.00,6.8832e+17,0.09,0.13,28.00,2.1839e+19,2.72,4.20,28.00,3.7506e+15,0.00,0.00,4.00,0.0000e+00,0.00,0.00,1.01,5.1995e+10,0.00,0.00,14.00,2.3210e+17,0.02,0.04,16.00,103.451,-0.451
0.0,104.000,22.00,48.00,6155.800,6051.800,8.573,175.0,9.748e-01,2.900e-05,3.932,3.936,214.1,9.209e+06,0.000,63.152,167.2,9.224e-01,2.878e-05,0.0,2.660e-05,3.162e-05,2.991e-05,3.1,8.65,210.8,19.95,0.8,-7.5,9.9,4.0,-9.7,26.4,-16.6,-12.8,-26.2,13.6,19.4,9.7,262.53,-2.62,56.59,11.43,26.01,5.86,0.72,10087200.0,4.0309e+20,1.921e+02,1.363e+00,43.280,1.0000,3.8534e+20,97.17,95.60,44.00,6.9342e+17,0.11,0.17,28.00,1.6779e+19,2.69,4.16,28.00,2.9357e+15,0.00,0.00,4.00,0.0000e+00,0.00,0.00,1.01,1.1557e+11,0.00,0.00,14.00,2.7108e+17,0.02,0.07,16.00,104.451,-0.451
0.0,105.000,22.00,48.00,6156.800,6051.800,8.570,174.9,7.559e-01,2.250e-05,3.932,3.936,214.0,9.209e+06,0.000,64.152,165.5,7.074e-01,2.230e-05,0.0,2.061e-05,2.456e-05,2.287e-05,1.7,8.77,212.3,19.95,0.9,-7.6,10.1,2.6,-5.9,27.3,-21.5,-10.0,-27.4,17.3,19.5,9.8,262.53,-2.62,56.59,11.43,26.01,5.86,0.72,10087200.0,3.1288e+20,1.921e+02,1.363e+00,43.276,1.0000,2.9897e+20,97.15,95.55,44.00,6.9856e+17,0.14,0.22,28.00,1.2891e+19,2.67,4.12,28.00,2.2979e+15,0.00,0.00,4.00,0.0000e+00,0.00,0.00,1.01,2.5688e+11,0.00,0.00,14.00,3.1661e+17,0.04,0.10,16.00,105.451,-0.451
0.0,106.000,22.00,48.00,6157.800,6051.800,8.567,175.5,5.866e-01,1.739e-05,3.944,3.882,214.4,9.209e+06,0.000,65.341,164.0,5.353e-01,1.704e-05,0.0,1.591e-05,1.900e-05,1.777e-05,2.2,8.89,212.1,19.95,2.0,-6.6,11.5,4.3,-2.1,28.3,-10.6,-0.6,-12.7,27.7,19.6,9.8,262.53,-2.62,56.59,11.43,26.01,5.86,0.72,10087200.0,2.4182e+20,1.923e+02,1.363e+00,43.243,1.0000,2.3084e+20,97.10,95.46,44.00,6.9179e+17,0.19,0.29,28.00,9.9698e+18,2.67,4.12,28.00,1.8035e+15,0.00,0.00,4.00,0.0000e+00,0.00,0.00,1.01,3.1448e+11,0.00,0.00,14.00,3.2202e+17,0.05,0.13,16.00,106.451,-0.451
0.0,107.000,22.00,48.00,6158.800,6051.800,8.565,176.0,4.552e-01,1.344e-05,3.944,3.882,214.9,9.209e+06,0.000,66.341,162.5,4.051e-01,1.302e-05,0.0,1.228e-05,1.470e-05,1.248e-05,-7.1,9.01,222.9,19.95,3.2,-5.7,12.9,-4.1,1.6,29.2,-14.0,-7.7,-12.3,21.5,19.7,9.8,262.53,-2.62,56.59,11.43,26.01,5.86,0.72,10087200.0,1.8696e+20,1.924e+02,1.363e+00,43.209,1.0000,1.7823e+20,97.03,95.33,44.00,6.8508e+17,0.24,0.37,28.00,7.7105e+18,2.67,4.12,28.00,1.4155e+15,0.00,0.00,4.00,0.0000e+00,0.00,0.00,1.01,3.8500e+11,0.00,0.00,14.00,3.2752e+17,0.06,0.18,16.00,107.451,-0.451
0.0,108.000,22.00,48.00,6159.800,6051.800,8.562,176.6,3.533e-01,1.039e-05,3.944,3.882,215.3,9.209e+06,0.000,67.341,161.0,3.066e-01,9.950e-06,0.0,9.482e-06,1.138e-05,1.003e-05,-3.5,9.12,219.1,19.95,4.4,-4.7,14.3,0.8,5.4,30.2,-11.2,-5.0,-5.8,25.2,19.8,9.9,262.53,-2.62,56.59,11.43,26.01,5.86,0.72,10087200.0,1.4459e+20,1.926e+02,1.362e+00,43.175,1.0000,1.3762e+20,96.94,95.18,44.00,6.7843e+17,0.30,0.47,28.00,5.9632e+18,2.67,4.12,28.00,1.1110e+15,0.00,0.00,4.00,0.0000e+00,0.00,0.00,1.01,4.7132e+11,0.00,0.00,14.00,3.3311e+17,0.09,0.23,16.00,108.451,-0.451
0.0,109.000,22.00,48.00,6160.800,6051.800,8.559,177.2,2.741e-01,8.027e-06,3.944,3.882,215.7,9.209e+06,0.000,68.341,159.5,2.320e-01,7.604e-06,0.0,7.320e-06,8.804e-06,7.232e-06,-9.9,9.24,227.2,19.95,5.6,-3.7,15.8,-4.9,9.2,31.2,-8.6,-8.7,0.6,22.5,19.9,9.9,262.53,-2.62,56.59,11.43,26.01,5.86,0.72,10087200.0,1.1188e+20,1.927e+02,1.362e+00,43.142,1.0000,1.0626e+20,96.82,94.97,44.00,6.7185e+17,0.39,0.60,28.00,4.6119e+18,2.67,4.12,28.00,8.7196e+14,0.00,0.00,4.00,0.0000e+00,0.00,0.00,1.01,5.7701e+11,0.00,0.00,14.00,3.3880e+17,0.11,0.30,16.00,109.451,-0.451
0.0,110.000,22.00,48.00,6161.800,6051.800,8.556,177.8,2.127e-01,6.204e-06,3.944,3.882,216.1,9.209e+06,0.000,69.341,158.0,1.756e-01,5.812e-06,0.0,5.651e-06,6.812e-06,5.731e-06,-7.6,9.36,224.8,19.95,6.7,-2.8,17.2,-1.4,12.9,32.2,-9.3,-12.5,3.6,19.7,20.0,10.0,262.53,-2.62,56.59,11.43,26.01,5.86,0.72,10087200.0,8.6618e+19,1.929e+02,1.362e+00,43.108,1.0000,8.2041e+19,96.68,94.72,44.00,6.6533e+17,0.50,0.77,28.00,3.5668e+18,2.67,4.12,28.00,6.8437e+14,0.00,0.00,4.00,0.0000e+00,0.00,0.00,1.01,7.0639e+11,0.00,0.00,14.00,3.4459e+17,0.15,0.40,16.00,110.451,-0.451
0.0,111.000,22.00,48.00,6162.800,6051.800,8.553,178.6,1.662e-01,4.819e-06,4.050,3.959,216.7,9.209e+06,0.000,72.206,157.7,1.316e-01,4.363e-06,0.0,4.384e-06,5.298e-06,4.474e-06,-7.2,9.48,224.9,19.95,10.5,0.5,21.4,2.6,13.4,33.3,-1.8,-5.1,11.6,28.2,20.1,10.1,262.53,-2.62,56.59,11.43,26.01,5.86,0.72,10087200.0,6.7331e+19,1.931e+02,1.362e+00,43.054,1.0000,6.3638e+19,96.57,94.52,44.00,5.7748e+17,0.56,0.86,28.00,2.7966e+18,2.70,4.15,28.00,5.4597e+14,0.00,0.00,4.00,0.0000e+00,0.00,0.00,1.01,1.6256e+12,0.00,0.00,14.00,3.1841e+17,0.18,0.47,16.00,111.451,-0.451
0.0,112.000,22.00,48.00,6163.800,6051.800,8.551,179.4,1.298e-01,3.744e-06,4.050,3.959,217.3,9.209e+06,0.000,73.206,157.4,9.868e-02,3.275e-06,0.0,3.401e-06,4.120e-06,3.265e-06,-12.8,9.60,232.7,19.95,14.3,3.9,25.8,-0.3,13.8,34.4,-12.9,-5.1,0.9,29.4,20.2,10.1,262.53,-2.62,56.59,11.43,26.01,5.86,0.72,10087200.0,5.2352e+19,1.934e+02,1.361e+00,43.000,1.0000,4.9363e+19,96.44,94.29,44.00,5.0123e+17,0.62,0.96,28.00,2.1928e+18,2.73,4.19,28.00,4.3556e+14,0.00,0.00,4.00,0.0000e+00,0.00,0.00,1.01,3.7411e+12,0.00,0.00,14.00,2.9422e+17,0.21,0.56,16.00,112.451,-0.451
0.0,113.000,22.00,48.00,6164.800,6051.800,8.548,180.1,1.014e-01,2.908e-06,4.050,3.959,217.9,9.209e+06,0.000,74.206,157.1,7.397e-02,2.458e-06,0.0,2.639e-06,3.204e-06,2.478e-06,-14.8,9.72,236.0,19.95,18.3,7.4,30.4,0.8,14.3,35.6,-10.2,-7.9,4.1,27.6,20.3,10.2,262.53,-2.62,56.59,11.43,26.01,5.86,0.72,10087200.0,4.0717e+19,1.936e+02,1.361e+00,42.946,1.0000,3.8290e+19,96.30,94.04,44.00,4.3505e+17,0.70,1.07,28.00,1.7193e+18,2.75,4.22,28.00,3.4747e+14,0.00,0.00,4.00,0.0000e+00,0.00,0.00,1.01,8.6095e+12,0.00,0.00,14.00,2.7187e+17,0.25,0.67,16.00,113.451,-0.451
0.0,114.000,22.00,48.00,6165.800,6051.800,8.545,180.9,7.923e-02,2.259e-06,4.050,3.959,218.5,9.209e+06,0.000,75.206,156.8,5.546e-02,1.845e-06,0.0,2.048e-06,2.492e-06,1.936e-06,-14.3,9.84,236.0,19.95,22.4,11.0,35.1,4.9,14.7,36.7,-12.0,-10.9,2.7,25.8,20.4,10.2,262.53,-2.62,56.59,11.43,26.01,5.86,0.72,10087200.0,3.1678e+19,1.938e+02,1.361e+00,42.892,1.0000,2.9701e+19,96.15,93.76,44.00,3.7761e+17,0.78,1.19,28.00,1.3481e+18,2.78,4.26,28.00,2.7720e+14,0.00,0.00,4.00,0.0000e+00,0.00,0.00,1.01,1.9813e+13,0.00,0.00,14.00,2.5121e+17,0.30,0.79,16.00,114.451,-0.451
0.0,115.000,22.00,48.00,6166.800,6051.800,8.542,181.7,6.189e-02,1.755e-06,4.050,3.959,219.1,9.209e+06,0.000,76.206,156.5,4.157e-02,1.385e-06,0.0,1.589e-06,1.938e-06,1.426e-06,-18.7,9.96,243.0,19.95,26.7,14.7,39.9,3.0,15.2,37.8,-16.9,-2.7,-1.7,35.0,20.5,10.2,262.53,-2.62,56.59,11.43,26.01,5.86,0.72,10087200.0,2.4656e+19,1.941e+02,1.361e+00,42.838,1.0000,2.3039e+19,95.98,93.44,44.00,3.2775e+17,0.87,1.33,28.00,1.0570e+18,2.80,4.29,28.00,2.2114e+14,0.00,0.00,4.00,0.0000e+00,0.00,0.00,1.01,4.5597e+13,0.00,0.00,14.00,2.3213e+17,0.35,0.94,16.00,115.451,-0.451
0.0,116.000,22.00,48.00,6167.800,6051.800,8.540,183.1,4.869e-02,1.368e-06,4.167,4.016,220.0,9.209e+06,0.000,79.424,157.0,3.119e-02,1.033e-06,0.0,1.237e-06,1.513e-06,1.109e-06,-18.9,10.07,244.3,19.95,32.4,19.7,46.4,7.3,15.6,38.9,-18.6,-7.8,-3.0,31.1,20.6,10.3,262.53,-2.62,56.59,11.43,26.01,5.86,0.72,10087200.0,1.9248e+19,1.944e+02,1.360e+00,42.771,1.0000,1.7934e+19,95.83,93.17,44.00,2.7737e+17,0.94,1.44,28.00,8.3306e+17,2.83,4.33,28.00,1.8147e+14,0.00,0.00,4.00,0.0000e+00,0.00,0.00,1.01,5.6329e+13,0.00,0.00,14.00,2.0346e+17,0.40,1.06,16.00,116.451,-0.451
0.0,117.000,22.00,48.00,6168.800,6051.800,8.537,184.5,3.830e-02,1.066e-06,4.167,4.016,221.0,9.209e+06,0.000,80.424,157.5,2.340e-02,7.711e-07,0.0,9.631e-07,1.180e-06,9.211e-07,-13.6,10.19,237.7,19.95,38.3,24.9,53.1,19.5,16.1,40.0,-26.1,-3.7,-10.0,36.3,20.7,10.3,262.53,-2.62,56.59,11.43,26.01,5.86,0.72,10087200.0,1.5031e+19,1.947e+02,1.359e+00,42.703,1.0000,1.3961e+19,95.67,92.88,44.00,2.3473e+17,1.02,1.56,28.00,6.5656e+17,2.86,4.37,28.00,1.4891e+14,0.00,0.00,4.00,0.0000e+00,0.00,0.00,1.01,6.9587e+13,0.00,0.00,14.00,1.7832e+17,0.44,1.19,16.00,117.451,-0.451
0.0,118.000,22.00,48.00,6169.800,6051.800,8.534,185.9,3.013e-02,8.312e-07,4.167,4.016,221.9,9.209e+06,0.000,81.424,158.0,1.756e-02,5.754e-07,0.0,7.499e-07,9.213e-07,7.234e-07,-13.0,10.31,237.9,19.95,44.5,30.3,60.1,25.7,16.5,41.1,-27.1,2.2,-10.6,43.4,20.8,10.4,262.53,-2.62,56.59,11.43,26.01,5.86,0.72,10087200.0,1.1740e+19,1.950e+02,1.359e+00,42.636,1.0000,1.0868e+19,95.50,92.57,44.00,1.9864e+17,1.11,1.69,28.00,5.1746e+17,2.89,4.41,28.00,1.2219e+14,0.00,0.00,4.00,0.0000e+00,0.00,0.00,1.01,8.5966e+13,0.00,0.00,14.00,1.5630e+17,0.50,1.33,16.00,118.451,-0.451
0.0,119.000,22.00,48.00,6170.800,6051.800,8.531,187.3,2.370e-02,6.480e-07,4.167,4.016,222.9,9.209e+06,0.000,82.424,158.5,1.317e-02,4.293e-07,0.0,5.839e-07,7.191e-07,5.733e-07,-11.5,10.43,237.0,19.95,50.9,36.0,67.5,33.5,17.0,42.2,-25.8,2.9,-8.8,45.1,20.9,10.4,262.53,-2.62,56.59,11.43,26.01,5.86,0.72,10087200.0,9.1729e+18,1.953e+02,1.358e+00,42.569,1.0000,8.4597e+18,95.31,92.23,44.00,1.6811e+17,1.21,1.83,28.00,4.0783e+17,2.92,4.45,28.00,1.0027e+14,0.00,0.00,4.00,0.0000e+00,0.00,0.00,1.01,1.0620e+14,0.00,0.00,14.00,1.3699e+17,0.56,1.49,16.00,119.451,-0.451
0.0,120.000,22.00,48.00,6171.800,6051.800,8.528,188.7,1.865e-02,5.052e-07,4.167,4.016,223.9,9.209e+06,0.000,83.424,159.0,9.882e-03,3.203e-07,0.0,4.547e-07,5.613e-07,4.859e-07,-3.8,10.55,228.2,19.95,57.7,42.0,75.2,51.7,17.4,43.3,-28.7,0.4,-11.3,43.8,21.0,10.5,262.53,-2.62,56.59,11.43,26.01,5.86,0.72,10087200.0,7.1694e+18,1.956e+02,1.358e+00,42.503,1.0000,6.5854e+18,95.11,91.85,44.00,1.4226e+17,1.31,1.98,28.00,3.2142e+17,2.95,4.48,28.00,8.2280e+13,0.00,0.00,4.00,0.0000e+00,0.00,0.00,1.01,1.3120e+14,0.00,0.00,14.00,1.2007e+17,0.63,1.67,16.00,120.451,-0.451
0.0,121.000,22.00,48.00,6172.800,6051.800,8.526,190.5,1.484e-02,3.976e-07,4.376,4.179,225.0,9.209e+06,0.000,88.604,159.8,7.460e-03,2.398e-07,0.0,3.575e-07,4.423e-07,3.808e-07,-4.2,10.66,229.9,19.95,65.8,49.0,84.4,58.8,17.9,44.4,-36.6,5.5,-18.8,49.9,21.1,10.6,262.53,-2.62,56.59,11.43,26.01,5.86,0.72,10087200.0,5.6467e+18,1.959e+02,1.357e+00,42.437,1.0000,5.1699e+18,94.92,91.56,44.00,1.2213e+17,1.43,2.16,28.00,2.5613e+17,2.99,4.54,28.00,6.9993e+13,0.00,0.00,4.00,0.0000e+00,0.00,0.00,1.01,1.4278e+14,0.00,0.00,14.00,9.8323e+16,0.66,1.74,16.00,121.451,-0.451
0.0,122.000,22.00,48.00,6173.800,6051.800,8.523,192.2,1.181e-02,3.130e-07,4.376,4.179,226.2,9.209e+06,0.000,89.604,160.6,5.632e-03,1.796e-07,0.0,2.810e-07,3.485e-07,3.019e-07,-3.5,10.78,230.3,19.95,74.3,56.5,94.1,68.1,18.3,45.6,-24.1,8.0,-5.8,53.6,21.2,10.6,262.53,-2.62,56.59,11.43,26.01,5.86,0.72,10087200.0,4.4484e+18,1.962e+02,1.356e+00,42.373,1.0000,4.0587e+18,94.73,91.24,44.00,1.0484e+17,1.56,2.36,28.00,2.0410e+17,3.03,4.59,28.00,5.9540e+13,0.00,0.00,4.00,0.0000e+00,0.00,0.00,1.01,1.5538e+14,0.00,0.00,14.00,8.0516e+16,0.68,1.81,16.00,122.451,-0.451
0.0,123.000,22.00,48.00,6174.800,6051.800,8.520,194.0,9.394e-03,2.464e-07,4.376,4.179,227.3,9.209e+06,0.000,90.604,161.4,4.251e-03,1.345e-07,0.0,2.210e-07,2.747e-07,2.386e-07,-3.2,10.90,231.0,19.95,83.2,64.4,104.3,77.4,18.8,46.7,-26.6,9.3,-7.8,55.9,21.3,10.7,262.53,-2.62,56.59,11.43,26.01,5.86,0.72,10087200.0,3.5051e+18,1.965e+02,1.355e+00,42.308,1.0000,3.1863e+18,94.52,90.90,44.00,9.0005e+16,1.70,2.57,28.00,1.6264e+17,3.07,4.64,28.00,5.0649e+13,0.00,0.00,4.00,0.0000e+00,0.00,0.00,1.01,1.6909e+14,0.00,0.00,14.00,6.5934e+16,0.71,1.88,16.00,123.451,-0.451
0.0,124.000,22.00,48.00,6175.800,6051.800,8.517,195.8,7.475e-03,1.939e-07,4.376,4.179,228.5,9.209e+06,0.000,91.604,162.2,3.209e-03,1.007e-07,0.0,1.738e-07,2.165e-07,1.706e-07,-12.0,11.02,243.6,19.95,92.7,72.6,115.0,69.5,19.2,47.8,-11.3,19.4,7.9,67.2,21.4,10.7,262.53,-2.62,56.59,11.43,26.01,5.86,0.72,10087200.0,2.7625e+18,1.968e+02,1.354e+00,42.243,1.0000,2.5014e+18,94.30,90.55,44.00,7.7266e+16,1.85,2.80,28.00,1.2960e+17,3.11,4.69,28.00,4.3085e+13,0.00,0.00,4.00,0.0000e+00,0.00,0.00,1.01,1.8402e+14,0.00,0.01,14.00,5.3992e+16,0.74,1.95,16.00,124.451,-0.451
0.0,125.000,22.00,48.00,6176.800,6051.800,8.515,197.6,5.948e-03,1.527e-07,4.376,4.179,229.6,9.209e+06,0.000,92.604,163.0,2.423e-03,7.538e-08,0.0,1.366e-07,1.706e-07,1.468e-07,-3.9,11.13,234.2,19.95,102.6,81.3,126.4,94.7,19.6,48.9,-7.4,24.7,12.2,73.6,21.5,10.8,262.53,-2.62,56.59,11.43,26.01,5.86,0.72,10087200.0,2.1778e+18,1.971e+02,1.354e+00,42.179,1.0000,1.9638e+18,94.06,90.17,44.00,6.6331e+16,2.02,3.05,28.00,1.0327e+17,3.15,4.74,28.00,3.6651e+13,0.00,0.00,4.00,0.0000e+00,0.00,0.00,1.01,2.0026e+14,0.00,0.01,14.00,4.4214e+16,0.77,2.03,16.00,125.451,-0.451
0.0,126.000,22.00,48.00,6177.800,6051.800,8.512,199.2,4.797e-03,1.217e-07,4.648,4.409,231.0,9.209e+06,0.000,99.364,163.8,1.849e-03,5.688e-08,0.0,1.088e-07,1.361e-07,1.203e-07,-1.2,11.25,232.3,19.95,113.9,91.2,139.4,111.4,20.1,50.0,2.5,23.5,22.6,73.5,21.6,10.8,262.53,-2.62,56.59,11.43,26.01,5.86,0.72,10087200.0,1.7399e+18,1.979e+02,1.353e+00,42.017,1.0000,1.5588e+18,93.73,89.59,44.00,5.7439e+16,2.20,3.30,28.00,8.3266e+16,3.19,4.79,28.00,3.1992e+13,0.00,0.00,4.00,0.0000e+00,0.00,0.00,1.01,1.9411e+14,0.00,0.01,14.00,4.0211e+16,0.88,2.31,16.00,126.451,-0.451
0.0,127.000,22.00,48.00,6178.800,6051.800,8.509,200.8,3.868e-03,9.699e-08,4.648,4.409,232.3,9.209e+06,0.000,100.364,164.5,1.411e-03,4.292e-08,0.0,8.659e-08,1.086e-07,1.012e-07,4.4,11.37,227.4,19.95,126.0,101.7,153.1,135.9,20.5,51.1,0.6,23.2,21.2,74.3,21.7,10.8,262.53,-2.62,56.59,11.43,26.01,5.86,0.72,10087200.0,1.3910e+18,1.986e+02,1.353e+00,41.857,1.0000,1.2373e+18,93.38,88.95,44.00,4.9740e+16,2.39,3.58,28.00,6.7135e+16,3.22,4.83,28.00,2.7926e+13,0.00,0.00,4.00,0.0000e+00,0.00,0.00,1.01,1.8815e+14,0.00,0.01,14.00,3.6571e+16,1.00,2.63,16.00,127.451,-0.451
0.0,128.000,22.00,48.00,6179.800,6051.800,8.506,202.4,3.120e-03,7.730e-08,4.648,4.409,233.6,9.209e+06,0.000,101.364,165.3,1.077e-03,3.239e-08,0.0,6.894e-08,8.669e-08,8.701e-08,12.6,11.48,220.2,19.95,138.7,112.8,167.6,168.6,21.0,52.2,-3.4,23.4,17.6,75.6,21.8,10.9,262.53,-2.62,56.59,11.43,26.01,5.86,0.72,10087200.0,1.1128e+18,1.994e+02,1.353e+00,41.697,1.0000,9.8212e+17,92.99,88.26,44.00,4.3073e+16,2.60,3.87,28.00,5.4129e+16,3.26,4.86,28.00,2.4377e+13,0.00,0.00,4.00,0.0000e+00,0.00,0.00,1.01,1.8237e+14,0.01,0.02,14.00,3.3260e+16,1.15,2.99,16.00,128.451,-0.451
0.0,129.000,22.00,48.00,6180.800,6051.800,8.504,204.0,2.516e-03,6.162e-08,4.648,4.409,235.0,9.209e+06,0.000,102.364,166.0,8.220e-04,2.445e-08,0.0,5.489e-08,6.918e-08,6.864e-08,11.4,11.60,222.6,19.95,152.1,124.5,183.0,180.8,21.4,53.3,-5.0,12.4,16.5,65.7,21.9,10.9,262.53,-2.62,56.59,11.43,26.01,5.86,0.72,10087200.0,8.9096e+17,2.002e+02,1.352e+00,41.539,1.0000,7.7957e+17,92.57,87.50,44.00,3.7299e+16,2.82,4.19,28.00,4.3642e+16,3.30,4.90,28.00,2.1279e+13,0.00,0.00,4.00,0.0000e+00,0.00,0.00,1.01,1.7676e+14,0.01,0.02,14.00,3.0249e+16,1.31,3.40,16.00,129.451,-0.451
0.0,130.000,22.00,48.00,6181.800,6051.800,8.501,205.6,2.029e-03,4.912e-08,4.648,4.409,236.3,9.209e+06,0.000,103.364,166.8,6.273e-04,1.845e-08,0.0,4.370e-08,5.521e-08,5.822e-08,18.5,11.72,217.1,19.95,166.2,136.9,199.2,215.5,21.9,54.4,15.0,9.1,36.9,63.5,22.0,11.0,262.53,-2.62,56.59,11.43,26.01,5.86,0.72,10087200.0,7.1398e+17,2.009e+02,1.352e+00,41.382,1.0000,6.1879e+17,92.11,86.67,44.00,3.2299e+16,3.06,4.52,28.00,3.5188e+16,3.33,4.93,28.00,1.8574e+13,0.00,0.00,4.00,0.0000e+00,0.00,0.00,1.01,1.7133e+14,0.01,0.02,14.00,2.7511e+16,1.49,3.85,16.00,130.451,-0.451
0.0,131.000,22.00,48.00,6182.800,6051.800,8.498,207.4,1.656e-03,3.956e-08,4.932,4.622,237.9,9.209e+06,0.000,110.672,167.7,4.878e-04,1.409e-08,0.0,3.515e-08,4.451e-08,4.849e-08,22.6,11.83,214.9,19.95,180.8,149.6,216.0,244.2,22.3,55.6,10.1,6.2,32.4,61.8,22.1,11.1,262.53,-2.62,56.59,11.43,26.01,5.86,0.72,10087200.0,5.7731e+17,2.020e+02,1.352e+00,41.170,1.0000,4.9557e+17,91.63,85.84,44.00,2.8139e+16,3.31,4.87,28.00,2.8946e+16,3.41,5.01,28.00,1.6619e+13,0.00,0.00,4.00,0.0000e+00,0.00,0.00,1.01,1.6036e+14,0.01,0.03,14.00,2.4472e+16,1.65,4.24,16.00,131.451,-0.451
0.0,132.000,22.00,48.00,6183.800,6051.800,8.495,209.1,1.352e-03,3.186e-08,4.932,4.622,239.5,9.209e+06,0.000,111.672,168.6,3.793e-04,1.076e-08,0.0,2.828e-08,3.589e-08,3.767e-08,18.3,11.95,220.3,19.95,196.2,162.9,233.7,250.2,22.8,56.7,7.5,6.5,30.2,63.2,22.2,11.1,262.53,-2.62,56.59,11.43,26.01,5.86,0.72,10087200.0,4.6715e+17,2.030e+02,1.352e+00,40.959,1.0000,3.9689e+17,91.11,84.96,44.00,2.4515e+16,3.58,5.25,28.00,2.3812e+16,3.48,5.10,28.00,1.4870e+13,0.00,0.00,4.00,0.0000e+00,0.00,0.00,1.01,1.5009e+14,0.01,0.03,14.00,2.1769e+16,1.82,4.66,16.00,132.451,-0.451
0.0,133.000,22.00,48.00,6184.800,6051.800,8.493,210.9,1.104e-03,2.566e-08,4.932,4.622,241.2,9.209e+06,0.000,112.672,169.5,2.949e-04,8.215e-09,0.0,2.275e-08,2.894e-08,3.186e-08,24.2,12.06,216.4,19.95,212.4,176.9,252.3,287.9,23.2,57.8,11.3,14.1,34.5,71.9,22.3,11.2,262.53,-2.62,56.59,11.43,26.01,5.86,0.72,10087200.0,3.7832e+17,2.040e+02,1.352e+00,40.751,1.0000,3.1786e+17,90.56,84.02,44.00,2.1358e+16,3.87,5.65,28.00,1.9589e+16,3.55,5.18,28.00,1.3305e+13,0.00,0.00,4.00,0.0000e+00,0.00,0.00,1.01,1.4048e+14,0.01,0.04,14.00,1.9365e+16,2.01,5.12,16.00,133.451,-0.451
0.0,134.000,22.00,48.00,6185.800,6051.800,8.490,212.7,9.016e-04,2.067e-08,4.932,4.622,242.8,9.209e+06,0.000,113.672,170.4,2.293e-04,6.275e-09,0.0,1.830e-08,2.334e-08,2.489e-08,20.4,12.18,221.3,19.95,229.4,191.7,271.9,296.7,23.7,58.9,31.8,9.4,55.4,68.3,22.4,11.2,262.53,-2.62,56.59,11.43,26.01,5.86,0.72,10087200.0,3.0665e+17,2.051e+02,1.352e+00,40.544,1.0000,2.5456e+17,89.96,83.01,44.00,1.8607e+16,4.18,6.07,28.00,1.6114e+16,3.62,5.25,28.00,1.1904e+13,0.00,0.00,4.00,0.0000e+00,0.00,0.00,1.01,1.3148e+14,0.01,0.04,14.00,1.7226e+16,2.21,5.62,16.00,134.451,-0.451
0.0,135.000,22.00,48.00,6186.800,6051.800,8.487,214.5,7.362e-04,1.665e-08,4.932,4.622,244.5,9.209e+06,0.000,114.672,171.2,1.783e-04,4.794e-09,0.0,1.473e-08,1.882e-08,1.983e-08,19.1,12.30,224.0,19.95,247.3,207.2,292.6,313.6,24.1,60.0,16.6,4.9,40.8,64.9,22.5,11.2,262.53,-2.62,56.59,11.43,26.01,5.86,0.72,10087200.0,2.4879e+17,2.061e+02,1.352e+00,40.340,1.0000,2.0387e+17,89.33,81.94,44.00,1.6210e+16,4.52,6.52,28.00,1.3256e+16,3.70,5.33,28.00,1.0651e+13,0.00,0.00,4.00,0.0000e+00,0.00,0.00,1.01,1.2306e+14,0.02,0.05,14.00,1.5323e+16,2.44,6.16,16.00,135.451,-0.451
0.0,136.000,22.00,48.00,6187.800,6051.800,8.484,216.5,6.107e-04,1.358e-08,5.354,4.916,246.5,9.209e+06,0.000,125.479,172.2,1.429e-04,3.736e-09,0.0,1.200e-08,1.537e-08,1.572e-08,15.7,12.41,229.2,19.95,263.5,221.2,311.4,320.6,24.6,61.1,13.2,-7.1,37.8,54.0,22.6,11.3,262.53,-2.62,56.59,11.43,26.01,5.86,0.72,10087200.0,2.0400e+17,2.077e+02,1.352e+00,40.031,1.0000,1.6479e+17,88.63,80.78,44.00,1.4180e+16,4.85,6.95,28.00,1.1105e+16,3.80,5.44,28.00,9.8145e+12,0.00,0.00,4.00,0.0000e+00,0.00,0.00,1.01,1.1543e+14,0.02,0.06,14.00,1.3799e+16,2.70,6.76,16.00,136.451,-0.451
0.0,137.000,22.00,48.00,6188.800,6051.800,8.482,218.5,5.067e-04,1.108e-08,5.354,4.916,248.6,9.209e+06,0.000,126.479,173.2,1.145e-04,2.913e-09,0.0,9.779e-09,1.256e-08,1.273e-08,14.9,12.53,232.0,19.95,280.3,235.7,331.0,336.8,25.0,62.2,-5.0,-14.9,20.0,47.3,22.7,11.3,262.53,-2.62,56.59,11.43,26.01,5.86,0.72,10087200.0,1.6745e+17,2.093e+02,1.352e+00,39.727,1.0000,1.3320e+17,87.88,79.55,44.00,1.2403e+16,5.21,7.41,28.00,9.3032e+15,3.91,5.56,28.00,9.0437e+12,0.00,0.01,4.00,0.0000e+00,0.00,0.00,1.01,1.0828e+14,0.02,0.06,14.00,1.2426e+16,2.98,7.42,16.00,137.451,-0.451
0.0,138.000,22.00,48.00,6189.800,6051.800,8.479,220.5,4.204e-04,9.041e-09,5.354,4.916,250.8,9.209e+06,0.000,127.479,174.2,9.177e-05,2.273e-09,0.0,7.970e-09,1.026e-08,1.054e-08,16.6,12.64,232.2,19.95,297.8,250.7,351.3,363.7,25.5,63.3,-5.7,-17.3,19.7,46.0,22.8,11.4,262.53,-2.62,56.59,11.43,26.01,5.86,0.72,10087200.0,1.3761e+17,2.109e+02,1.352e+00,39.428,1.0000,1.0767e+17,87.09,78.24,44.00,1.0850e+16,5.58,7.88,28.00,7.7936e+15,4.01,5.66,28.00,8.3333e+12,0.00,0.01,4.00,0.0000e+00,0.00,0.00,1.01,1.0157e+14,0.03,0.07,14.00,1.1190e+16,3.29,8.13,16.00,138.451,-0.451
0.0,139.000,22.00,48.00,6190.800,6051.800,8.476,222.5,3.487e-04,7.378e-09,5.354,4.916,252.9,9.209e+06,0.000,128.479,175.2,7.354e-05,1.774e-09,0.0,6.497e-09,8.380e-09,8.638e-09,17.1,12.76,233.7,19.95,315.9,266.2,372.4,387.0,25.9,64.5,14.0,-9.1,39.9,55.3,22.9,11.4,262.53,-2.62,56.59,11.43,26.01,5.86,0.72,10087200.0,1.1323e+17,2.125e+02,1.353e+00,39.133,1.0000,8.7026e+16,86.24,76.86,44.00,9.4906e+15,5.98,8.38,28.00,6.5289e+15,4.12,5.77,28.00,7.6788e+12,0.00,0.01,4.00,0.0000e+00,0.00,0.00,1.01,9.5282e+13,0.03,0.08,14.00,1.0076e+16,3.63,8.90,16.00,139.451,-0.451
0.0,140.000,22.00,48.00,6191.800,6051.800,8.473,224.5,2.893e-04,6.022e-09,5.354,4.916,255.0,9.209e+06,0.000,129.479,176.2,5.893e-05,1.385e-09,0.0,5.296e-09,6.847e-09,6.797e-09,12.9,12.87,240.0,19.95,334.8,282.4,394.3,390.7,26.3,65.6,24.9,-7.9,51.2,57.7,23.0,11.5,262.53,-2.62,56.59,11.43,26.01,5.86,0.72,10087200.0,9.3285e+16,2.141e+02,1.354e+00,38.843,1.0000,7.0343e+16,85.33,75.41,44.00,8.3017e+15,6.41,8.90,28.00,5.4695e+15,4.22,5.86,28.00,7.0757e+12,0.00,0.01,4.00,0.0000e+00,0.00,0.00,1.01,8.9380e+13,0.03,0.10,14.00,9.0739e+15,4.00,9.73,16.00,140.451,-0.451
0.0,141.000,22.00,48.00,6192.800,6051.800,8.471,226.6,2.441e-04,4.975e-09,5.886,5.250,257.8,9.209e+06,0.000,143.355,177.3,4.897e-05,1.113e-09,0.0,4.371e-09,5.664e-09,5.898e-09,18.6,12.99,236.8,19.95,347.2,292.8,409.0,430.1,26.8,66.7,43.6,-7.1,70.4,59.6,23.1,11.6,262.53,-2.62,56.59,11.43,26.01,5.86,0.72,10087200.0,7.7659e+16,2.165e+02,1.354e+00,38.405,1.0000,5.7335e+16,84.35,73.83,44.00,7.2840e+15,6.82,9.38,28.00,4.6555e+15,4.36,5.99,28.00,6.7747e+12,0.00,0.01,4.00,0.0000e+00,0.00,0.00,1.01,8.3663e+13,0.04,0.11,14.00,8.2935e+15,4.44,10.68,16.00,141.451,-0.451
0.0,142.000,22.00,48.00,6193.800,6051.800,8.468,228.8,2.060e-04,4.112e-09,5.886,5.250,260.6,9.209e+06,0.000,144.355,178.4,4.069e-05,8.945e-10,0.0,3.608e-09,4.686e-09,4.566e-09,11.0,13.10,247.3,19.95,359.7,303.4,423.8,410.4,27.2,67.8,36.0,-9.6,63.2,58.2,23.2,11.6,262.53,-2.62,56.59,11.43,26.01,5.86,0.72,10087200.0,6.4751e+16,2.189e+02,1.356e+00,37.977,1.0000,4.6732e+16,83.30,72.17,44.00,6.3911e+15,7.25,9.87,28.00,3.9627e+15,4.49,6.12,28.00,6.4865e+12,0.00,0.01,4.00,0.0000e+00,0.00,0.00,1.01,7.8312e+13,0.04,0.12,14.00,7.5803e+15,4.91,11.71,16.00,142.451,-0.451
0.0,143.000,22.00,48.00,6194.800,6051.800,8.465,231.0,1.738e-04,3.398e-09,5.886,5.250,263.4,9.209e+06,0.000,145.355,179.5,3.381e-05,7.196e-10,0.0,2.979e-09,3.877e-09,3.803e-09,11.9,13.22,249.0,19.95,372.3,314.0,438.8,428.5,27.7,68.9,40.4,-10.9,68.1,58.0,23.3,11.7,262.53,-2.62,56.59,11.43,26.01,5.86,0.72,10087200.0,5.4079e+16,2.214e+02,1.357e+00,37.558,1.0000,3.8090e+16,82.18,70.43,44.00,5.6076e+15,7.70,10.37,28.00,3.3730e+15,4.63,6.24,28.00,6.2105e+12,0.00,0.01,4.00,0.0000e+00,0.00,0.00,1.01,7.3303e+13,0.05,0.14,14.00,6.9285e+15,5.44,12.81,16.00,143.451,-0.451
0.0,144.000,22.00,48.00,6195.800,6051.800,8.463,233.2,1.466e-04,2.810e-09,5.886,5.250,266.3,9.209e+06,0.000,146.355,180.6,2.809e-05,5.793e-10,0.0,2.460e-09,3.209e-09,3.287e-09,17.0,13.33,246.2,19.95,385.0,324.6,454.0,467.5,28.1,70.0,37.8,-19.7,66.0,50.3,23.4,11.7,262.53,-2.62,56.59,11.43,26.01,5.86,0.72,10087200.0,4.5245e+16,2.238e+02,1.358e+00,37.149,1.0000,3.1046e+16,81.00,68.62,44.00,4.9202e+15,8.17,10.87,28.00,2.8710e+15,4.77,6.35,28.00,5.9463e+12,0.00,0.01,4.00,0.0000e+00,0.00,0.00,1.01,6.8615e+13,0.06,0.15,14.00,6.3327e+15,6.01,14.00,16.00,144.451,-0.451
0.0,145.000,22.00,48.00,6196.800,6051.800,8.460,235.4,1.237e-04,2.323e-09,5.886,5.250,269.1,9.209e+06,0.000,147.355,181.7,2.334e-05,4.667e-10,0.0,2.032e-09,2.657e-09,2.413e-09,3.8,13.45,264.1,19.95,397.8,335.3,469.3,416.9,28.6,71.1,46.1,-15.5,74.7,55.6,23.5,11.8,262.53,-2.62,56.59,11.43,26.01,5.86,0.72,10087200.0,3.7924e+16,2.263e+02,1.360e+00,36.748,1.0000,2.5305e+16,79.74,66.73,44.00,4.3170e+15,8.66,11.38,28.00,2.4438e+15,4.90,6.44,28.00,5.6934e+12,0.00,0.02,4.00,0.0000e+00,0.00,0.00,1.01,6.4226e+13,0.06,0.17,14.00,5.7881e+15,6.63,15.26,16.00,145.451,-0.451
0.0,146.000,22.00,48.00,6197.800,6051.800,8.457,237.8,1.048e-04,1.912e-09,6.011,5.156,273.2,9.209e+06,0.000,151.479,184.2,1.952e-05,3.769e-10,0.0,1.670e-09,2.189e-09,1.961e-09,2.5,13.56,269.8,19.95,407.4,343.2,480.8,420.3,29.0,72.2,51.5,-14.9,80.6,57.3,23.6,11.8,262.53,-2.62,56.59,11.43,26.01,5.86,0.72,10087200.0,3.1610e+16,2.304e+02,1.362e+00,36.080,1.0000,2.0346e+16,78.14,64.36,44.00,3.7470e+15,9.16,11.85,28.00,2.1224e+15,5.19,6.71,28.00,5.5302e+12,0.00,0.02,4.00,1.6100e+10,0.00,0.00,1.01,5.9412e+13,0.07,0.19,14.00,5.3301e+15,7.44,16.86,16.00,146.451,-0.451
0.0,147.000,22.00,48.00,6198.800,6051.800,8.454,240.2,8.872e-05,1.574e-09,6.011,5.156,277.4,9.209e+06,0.000,152.479,186.7,1.632e-05,3.045e-10,0.0,1.374e-09,1.804e-09,1.561e-09,-0.8,13.68,278.5,19.95,417.0,351.1,492.5,412.7,29.5,73.3,35.5,-15.2,65.0,58.1,23.7,11.8,262.53,-2.62,56.59,11.43,26.01,5.86,0.72,10087200.0,2.6423e+16,2.346e+02,1.365e+00,35.435,1.0000,1.6358e+16,76.43,61.91,44.00,3.2523e+15,9.67,12.31,28.00,1.8432e+15,5.48,6.98,28.00,5.3717e+12,0.00,0.02,4.00,2.5517e+10,0.00,0.00,1.01,5.4959e+13,0.08,0.21,14.00,4.9084e+15,8.34,18.58,16.00,147.451,-0.451
0.0,148.000,22.00,48.00,6199.800,6051.800,8.452,242.5,7.512e-05,1.297e-09,6.011,5.156,281.5,9.209e+06,0.000,153.479,189.2,1.365e-05,2.462e-10,0.0,1.130e-09,1.488e-09,1.249e-09,-3.7,13.79,286.9,19.95,426.7,359.1,504.4,407.3,29.9,74.5,43.4,-11.8,73.4,62.6,23.8,11.9,262.53,-2.62,56.59,11.43,26.01,5.86,0.72,10087200.0,2.2152e+16,2.388e+02,1.368e+00,34.814,1.0000,1.3152e+16,74.61,59.37,44.00,2.8229e+15,10.19,12.74,28.00,1.6008e+15,5.78,7.23,28.00,5.2178e+12,0.00,0.02,4.00,4.0441e+10,0.00,0.00,1.01,5.0839e+13,0.09,0.23,14.00,4.5201e+15,9.32,20.40,16.00,148.451,-0.451
0.0,149.000,22.00,48.00,6200.800,6051.800,8.449,244.9,6.361e-05,1.069e-09,6.011,5.156,285.7,9.209e+06,0.000,154.479,191.7,1.142e-05,1.992e-10,0.0,9.304e-10,1.228e-09,9.815e-10,-8.2,13.91,298.2,19.95,436.5,367.1,516.3,392.8,30.4,75.6,40.6,-8.4,71.0,67.1,23.9,11.9,262.53,-2.62,56.59,11.43,26.01,5.86,0.72,10087200.0,1.8630e+16,2.430e+02,1.372e+00,34.214,1.0000,1.0575e+16,72.69,56.76,44.00,2.4502e+15,10.72,13.15,28.00,1.3903e+15,6.08,7.46,28.00,5.0683e+12,0.00,0.03,4.00,6.4095e+10,0.00,0.00,1.01,4.7028e+13,0.10,0.25,14.00,4.1624e+15,10.40,22.34,16.00,149.451,-0.451
0.0,150.000,22.00,48.00,6201.800,6051.800,8.446,247.3,5.386e-05,8.810e-10,6.011,5.156,290.0,9.209e+06,0.000,155.479,194.2,9.548e-06,1.612e-10,0.0,7.661e-10,1.013e-09,8.443e-10,-4.2,14.02,296.2,19.95,446.4,375.1,528.4,423.6,30.8,76.7,20.8,-13.4,51.6,63.3,24.0,12.0,262.53,-2.62,56.59,11.43,26.01,5.86,0.72,10087200.0,1.5718e+16,2.472e+02,1.376e+00,33.634,1.0000,8.5024e+15,70.66,54.09,44.00,2.1267e+15,11.25,13.53,28.00,1.2074e+15,6.39,7.68,28.00,4.9230e+12,0.00,0.03,4.00,1.0158e+11,0.00,0.00,1.01,4.3503e+13,0.12,0.28,14.00,3.8331e+15,11.58,24.39,16.00,150.451,-0.451
